id,dataset,seed,subsample,repeat,AUROC,F1,Recall,Precision,runtime,lag,sum,lambda_a,lambda_w,w_thres,alpha
dummy,synth,indep,1,1,1.0,1.0,1.0,1.0,0.0001437664031982,,,,,,
dummy,synth,indep,2,1,1.0,1.0,1.0,1.0,0.0001382827758789,,,,,,
dummy,synth,indep,3,1,1.0,1.0,1.0,1.0,0.0001521110534667,,,,,,
dummy,synth,indep,4,1,1.0,1.0,1.0,1.0,0.0001485347747802,,,,,,
dummy,synth,indep,5,1,1.0,1.0,1.0,1.0,0.0001466274261474,,,,,,
dummy,synth,indep,6,1,1.0,1.0,1.0,1.0,0.0001287460327148,,,,,,
dummy,synth,indep,7,1,1.0,1.0,1.0,1.0,0.0001397132873535,,,,,,
dummy,synth,indep,8,1,1.0,1.0,1.0,1.0,0.0001428127288818,,,,,,
dummy,synth,indep,9,1,1.0,1.0,1.0,1.0,0.0001289844512939,,,,,,
dummy,synth,indep,10,1,1.0,1.0,1.0,1.0,0.0001323223114013,,,,,,
dummy,synth,indep,20,1,1.0,1.0,1.0,1.0,0.0001428127288818,,,,,,
dummy,synth,indep,50,1,1.0,1.0,1.0,1.0,0.0001318454742431,,,,,,
dummy,synth,indep,100,1,1.0,1.0,1.0,1.0,0.0001430511474609,,,,,,
dummy,synth,x_cause_y,1,1,0.75,0.6666666666666666,0.5,1.0,0.0001523494720458,,,,,,
dummy,synth,x_cause_y,2,1,0.75,0.6666666666666666,0.5,1.0,0.0001442432403564,,,,,,
dummy,synth,x_cause_y,3,1,0.75,0.6666666666666666,0.5,1.0,0.0001411437988281,,,,,,
dummy,synth,x_cause_y,4,1,0.75,0.6666666666666666,0.5,1.0,0.0001399517059326,,,,,,
dummy,synth,x_cause_y,5,1,0.75,0.6666666666666666,0.5,1.0,0.0001358985900878,,,,,,
dummy,synth,x_cause_y,6,1,0.75,0.6666666666666666,0.5,1.0,0.0001511573791503,,,,,,
dummy,synth,x_cause_y,7,1,0.75,0.6666666666666666,0.5,1.0,0.0001971721649169,,,,,,
dummy,synth,x_cause_y,8,1,0.75,0.6666666666666666,0.5,1.0,0.0001306533813476,,,,,,
dummy,synth,x_cause_y,9,1,0.75,0.6666666666666666,0.5,1.0,0.000136375427246,,,,,,
dummy,synth,x_cause_y,10,1,0.75,0.6666666666666666,0.5,1.0,0.0001335144042968,,,,,,
dummy,synth,x_cause_y,20,1,0.75,0.6666666666666666,0.5,1.0,0.000131607055664,,,,,,
dummy,synth,x_cause_y,50,1,0.75,0.6666666666666666,0.5,1.0,0.0001475811004638,,,,,,
dummy,synth,x_cause_y,100,1,0.75,0.6666666666666666,0.5,1.0,0.0001318454742431,,,,,,
var,synth,indep,1,1,0.7,0.4,1.0,0.25,0.0427484512329101,1.0,max,,,,
var,synth,indep,2,1,0.7,0.4,1.0,0.25,0.0233058929443359,1.0,max,,,,
var,synth,indep,3,1,0.7,0.4,1.0,0.25,0.0172085762023925,1.0,max,,,,
var,synth,indep,4,1,0.7,0.4,1.0,0.25,0.0143556594848632,1.0,max,,,,
var,synth,indep,5,1,0.7,0.4,1.0,0.25,0.0122957229614257,1.0,max,,,,
var,synth,indep,6,1,0.7,0.4,1.0,0.25,0.0114877223968505,1.0,max,,,,
var,synth,indep,7,1,0.7,0.4,1.0,0.25,0.0101649761199951,1.0,max,,,,
var,synth,indep,8,1,0.7,0.4,1.0,0.25,0.0094881057739257,1.0,max,,,,
var,synth,indep,9,1,0.7,0.4,1.0,0.25,0.0090022087097167,1.0,max,,,,
var,synth,indep,10,1,0.7,0.4,1.0,0.25,0.0102913379669189,1.0,max,,,,
var,synth,indep,20,1,0.7,0.4,1.0,0.25,0.0064995288848876,1.0,max,,,,
var,synth,indep,50,1,0.7,0.4,1.0,0.25,0.0053207874298095,1.0,max,,,,
var,synth,indep,100,1,0.7,0.4,1.0,0.25,0.0051279067993164,1.0,max,,,,
var,synth,x_cause_y,1,1,0.75,0.6666666666666666,1.0,0.5,0.0414378643035888,1.0,max,,,,
var,synth,x_cause_y,2,1,0.75,0.6666666666666666,1.0,0.5,0.0233356952667236,1.0,max,,,,
var,synth,x_cause_y,3,1,0.75,0.6666666666666666,1.0,0.5,0.0186600685119628,1.0,max,,,,
var,synth,x_cause_y,4,1,0.75,0.6666666666666666,1.0,0.5,0.0141685009002685,1.0,max,,,,
var,synth,x_cause_y,5,1,0.75,0.6666666666666666,1.0,0.5,0.0152218341827392,1.0,max,,,,
var,synth,x_cause_y,6,1,0.75,0.6666666666666666,1.0,0.5,0.0110971927642822,1.0,max,,,,
var,synth,x_cause_y,7,1,0.75,0.6666666666666666,1.0,0.5,0.0102312564849853,1.0,max,,,,
var,synth,x_cause_y,8,1,0.75,0.6666666666666666,1.0,0.5,0.0101337432861328,1.0,max,,,,
var,synth,x_cause_y,9,1,0.75,0.6666666666666666,1.0,0.5,0.0095500946044921,1.0,max,,,,
var,synth,x_cause_y,10,1,0.75,0.6666666666666666,1.0,0.5,0.0091824531555175,1.0,max,,,,
var,synth,x_cause_y,20,1,0.75,0.6666666666666666,1.0,0.5,0.0077214241027832,1.0,max,,,,
var,synth,x_cause_y,50,1,0.75,0.6666666666666666,1.0,0.5,0.0064532756805419,1.0,max,,,,
var,synth,x_cause_y,100,1,0.75,0.6666666666666666,1.0,0.5,0.0051357746124267,1.0,max,,,,
var,synth,indep,1,1,0.7,0.4,1.0,0.25,0.0434553623199462,2.0,max,,,,
var,synth,indep,2,1,0.7,0.4,1.0,0.25,0.0234110355377197,2.0,max,,,,
var,synth,indep,3,1,0.7,0.4,1.0,0.25,0.0179169178009033,2.0,max,,,,
var,synth,indep,4,1,0.7,0.4,1.0,0.25,0.0145134925842285,2.0,max,,,,
var,synth,indep,5,1,0.7,0.4,1.0,0.25,0.0210981369018554,2.0,max,,,,
var,synth,indep,6,1,0.7,0.4,1.0,0.25,0.0117526054382324,2.0,max,,,,
var,synth,indep,7,1,0.7,0.4,1.0,0.25,0.0104236602783203,2.0,max,,,,
var,synth,indep,8,1,0.7,0.4,1.0,0.25,0.0099971294403076,2.0,max,,,,
var,synth,indep,9,1,0.7,0.4,1.0,0.25,0.0165588855743408,2.0,max,,,,
var,synth,indep,10,1,0.7,0.4,1.0,0.25,0.0094654560089111,2.0,max,,,,
var,synth,indep,20,1,0.7,0.4,1.0,0.25,0.0074002742767333,2.0,max,,,,
var,synth,indep,50,1,0.7,0.4,1.0,0.25,0.0057673454284667,2.0,max,,,,
var,synth,indep,100,1,0.7,0.4,1.0,0.25,0.0054705142974853,2.0,max,,,,
var,synth,x_cause_y,1,1,0.75,0.6666666666666666,1.0,0.5,0.042823314666748,2.0,max,,,,
var,synth,x_cause_y,2,1,0.75,0.6666666666666666,1.0,0.5,0.0244371891021728,2.0,max,,,,
var,synth,x_cause_y,3,1,0.75,0.6666666666666666,1.0,0.5,0.0179307460784912,2.0,max,,,,
var,synth,x_cause_y,4,1,0.75,0.6666666666666666,1.0,0.5,0.0148899555206298,2.0,max,,,,
var,synth,x_cause_y,5,1,0.75,0.6666666666666666,1.0,0.5,0.014488935470581,2.0,max,,,,
var,synth,x_cause_y,6,1,0.75,0.6666666666666666,1.0,0.5,0.0118229389190673,2.0,max,,,,
var,synth,x_cause_y,7,1,0.75,0.6666666666666666,1.0,0.5,0.0105230808258056,2.0,max,,,,
var,synth,x_cause_y,8,1,0.75,0.6666666666666666,1.0,0.5,0.0097491741180419,2.0,max,,,,
var,synth,x_cause_y,9,1,0.75,0.6666666666666666,1.0,0.5,0.0096733570098876,2.0,max,,,,
var,synth,x_cause_y,10,1,0.75,0.6666666666666666,1.0,0.5,0.0091104507446289,2.0,max,,,,
var,synth,x_cause_y,20,1,0.75,0.6666666666666666,1.0,0.5,0.0070488452911376,2.0,max,,,,
var,synth,x_cause_y,50,1,0.75,0.6666666666666666,1.0,0.5,0.0060746669769287,2.0,max,,,,
var,synth,x_cause_y,100,1,0.75,0.6666666666666666,1.0,0.5,0.0051679611206054,2.0,max,,,,
var,synth,indep,1,1,0.7,0.4,1.0,0.25,0.0429162979125976,3.0,max,,,,
var,synth,indep,2,1,0.7,0.4,1.0,0.25,0.0252704620361328,3.0,max,,,,
var,synth,indep,3,1,0.7,0.4,1.0,0.25,0.0179948806762695,3.0,max,,,,
var,synth,indep,4,1,0.7,0.4,1.0,0.25,0.0157070159912109,3.0,max,,,,
var,synth,indep,5,1,0.7,0.4,1.0,0.25,0.0125586986541748,3.0,max,,,,
var,synth,indep,6,1,0.7,0.4,1.0,0.25,0.0125107765197753,3.0,max,,,,
var,synth,indep,7,1,0.7,0.4,1.0,0.25,0.01064133644104,3.0,max,,,,
var,synth,indep,8,1,0.7,0.4,1.0,0.25,0.0098757743835449,3.0,max,,,,
var,synth,indep,9,1,0.7,0.4,1.0,0.25,0.0098404884338378,3.0,max,,,,
var,synth,indep,10,1,0.7,0.4,1.0,0.25,0.00887131690979,3.0,max,,,,
var,synth,indep,20,1,0.7,0.4,1.0,0.25,0.0068020820617675,3.0,max,,,,
var,synth,indep,50,1,0.7,0.4,1.0,0.25,0.0060341358184814,3.0,max,,,,
var,synth,indep,100,1,0.7,0.4,1.0,0.25,0.0052247047424316,3.0,max,,,,
var,synth,x_cause_y,1,1,0.75,0.6666666666666666,1.0,0.5,0.0436165332794189,3.0,max,,,,
var,synth,x_cause_y,2,1,0.75,0.6666666666666666,1.0,0.5,0.0246443748474121,3.0,max,,,,
var,synth,x_cause_y,3,1,0.75,0.6666666666666666,1.0,0.5,0.029996633529663,3.0,max,,,,
var,synth,x_cause_y,4,1,0.75,0.6666666666666666,1.0,0.5,0.0152699947357177,3.0,max,,,,
var,synth,x_cause_y,5,1,0.75,0.6666666666666666,1.0,0.5,0.0143189430236816,3.0,max,,,,
var,synth,x_cause_y,6,1,0.75,0.6666666666666666,1.0,0.5,0.0113556385040283,3.0,max,,,,
var,synth,x_cause_y,7,1,0.75,0.6666666666666666,1.0,0.5,0.0105652809143066,3.0,max,,,,
var,synth,x_cause_y,8,1,0.75,0.6666666666666666,1.0,0.5,0.0098028182983398,3.0,max,,,,
var,synth,x_cause_y,9,1,0.75,0.6666666666666666,1.0,0.5,0.0094392299652099,3.0,max,,,,
var,synth,x_cause_y,10,1,0.75,0.6666666666666666,1.0,0.5,0.0097887516021728,3.0,max,,,,
var,synth,x_cause_y,20,1,0.75,0.6666666666666666,1.0,0.5,0.0116946697235107,3.0,max,,,,
var,synth,x_cause_y,50,1,0.75,0.6666666666666666,1.0,0.5,0.0053763389587402,3.0,max,,,,
var,synth,x_cause_y,100,1,0.75,0.6666666666666666,1.0,0.5,0.0050346851348876,3.0,max,,,,
var,synth,indep,1,1,0.7,0.4,1.0,0.25,0.0441291332244873,4.0,max,,,,
var,synth,indep,2,1,0.7,0.4,1.0,0.25,0.0249164104461669,4.0,max,,,,
var,synth,indep,3,1,0.7,0.4,1.0,0.25,0.0191876888275146,4.0,max,,,,
var,synth,indep,4,1,0.7,0.4,1.0,0.25,0.0156645774841308,4.0,max,,,,
var,synth,indep,5,1,0.7,0.4,1.0,0.25,0.0140876770019531,4.0,max,,,,
var,synth,indep,6,1,0.7,0.4,1.0,0.25,0.012742280960083,4.0,max,,,,
var,synth,indep,7,1,0.7,0.4,1.0,0.25,0.011444091796875,4.0,max,,,,
var,synth,indep,8,1,0.7,0.4,1.0,0.25,0.0110621452331542,4.0,max,,,,
var,synth,indep,9,1,0.7,0.4,1.0,0.25,0.0098364353179931,4.0,max,,,,
var,synth,indep,10,1,0.7,0.4,1.0,0.25,0.0087816715240478,4.0,max,,,,
var,synth,indep,20,1,0.7,0.4,1.0,0.25,0.0072584152221679,4.0,max,,,,
var,synth,indep,50,1,0.7,0.4,1.0,0.25,0.0057849884033203,4.0,max,,,,
var,synth,indep,100,1,0.7,0.4,1.0,0.25,0.0053064823150634,4.0,max,,,,
var,synth,x_cause_y,1,1,0.75,0.6666666666666666,1.0,0.5,0.0450160503387451,4.0,max,,,,
var,synth,x_cause_y,2,1,0.75,0.6666666666666666,1.0,0.5,0.0253324508666992,4.0,max,,,,
var,synth,x_cause_y,3,1,0.75,0.6666666666666666,1.0,0.5,0.0186774730682373,4.0,max,,,,
var,synth,x_cause_y,4,1,0.75,0.6666666666666666,1.0,0.5,0.0178003311157226,4.0,max,,,,
var,synth,x_cause_y,5,1,0.75,0.6666666666666666,1.0,0.5,0.0131926536560058,4.0,max,,,,
var,synth,x_cause_y,6,1,0.75,0.6666666666666666,1.0,0.5,0.0120375156402587,4.0,max,,,,
var,synth,x_cause_y,7,1,0.75,0.6666666666666666,1.0,0.5,0.0110163688659667,4.0,max,,,,
var,synth,x_cause_y,8,1,0.75,0.6666666666666666,1.0,0.5,0.0104854106903076,4.0,max,,,,
var,synth,x_cause_y,9,1,0.75,0.6666666666666666,1.0,0.5,0.0094201564788818,4.0,max,,,,
var,synth,x_cause_y,10,1,0.75,0.6666666666666666,1.0,0.5,0.0090057849884033,4.0,max,,,,
var,synth,x_cause_y,20,1,0.75,0.6666666666666666,1.0,0.5,0.006932258605957,4.0,max,,,,
var,synth,x_cause_y,50,1,0.75,0.6666666666666666,1.0,0.5,0.0057120323181152,4.0,max,,,,
var,synth,x_cause_y,100,1,0.75,0.6666666666666666,1.0,0.5,0.0055959224700927,4.0,max,,,,
var,synth,indep,1,1,0.7,0.4,1.0,0.25,0.0486319065093994,5.0,max,,,,
var,synth,indep,2,1,0.7,0.4,1.0,0.25,0.0278656482696533,5.0,max,,,,
var,synth,indep,3,1,0.7,0.4,1.0,0.25,0.01914644241333,5.0,max,,,,
var,synth,indep,4,1,0.7,0.4,1.0,0.25,0.0157852172851562,5.0,max,,,,
var,synth,indep,5,1,0.7,0.4,1.0,0.25,0.0133454799652099,5.0,max,,,,
var,synth,indep,6,1,0.7,0.4,1.0,0.25,0.0120124816894531,5.0,max,,,,
var,synth,indep,7,1,0.7,0.4,1.0,0.25,0.0113441944122314,5.0,max,,,,
var,synth,indep,8,1,0.7,0.4,1.0,0.25,0.0108494758605957,5.0,max,,,,
var,synth,indep,9,1,0.7,0.4,1.0,0.25,0.0097074508666992,5.0,max,,,,
var,synth,indep,10,1,0.7,0.4,1.0,0.25,0.0093755722045898,5.0,max,,,,
var,synth,indep,20,1,0.7,0.4,1.0,0.25,0.0074245929718017,5.0,max,,,,
var,synth,indep,50,1,0.7,0.4,1.0,0.25,0.0067346096038818,5.0,max,,,,
var,synth,indep,100,1,0.7,0.4,1.0,0.25,0.0051591396331787,5.0,max,,,,
var,synth,x_cause_y,1,1,0.75,0.6666666666666666,1.0,0.5,0.0469958782196044,5.0,max,,,,
var,synth,x_cause_y,2,1,0.75,0.6666666666666666,1.0,0.5,0.026430606842041,5.0,max,,,,
var,synth,x_cause_y,3,1,0.75,0.6666666666666666,1.0,0.5,0.0199215412139892,5.0,max,,,,
var,synth,x_cause_y,4,1,0.75,0.6666666666666666,1.0,0.5,0.0160815715789794,5.0,max,,,,
var,synth,x_cause_y,5,1,0.75,0.6666666666666666,1.0,0.5,0.013362169265747,5.0,max,,,,
var,synth,x_cause_y,6,1,0.75,0.6666666666666666,1.0,0.5,0.0118021965026855,5.0,max,,,,
var,synth,x_cause_y,7,1,0.75,0.6666666666666666,1.0,0.5,0.0118324756622314,5.0,max,,,,
var,synth,x_cause_y,8,1,0.75,0.6666666666666666,1.0,0.5,0.0101819038391113,5.0,max,,,,
var,synth,x_cause_y,9,1,0.75,0.6666666666666666,1.0,0.5,0.0102665424346923,5.0,max,,,,
var,synth,x_cause_y,10,1,0.75,0.6666666666666666,1.0,0.5,0.0093073844909667,5.0,max,,,,
var,synth,x_cause_y,20,1,0.75,0.6666666666666666,1.0,0.5,0.0076251029968261,5.0,max,,,,
var,synth,x_cause_y,50,1,0.75,0.6666666666666666,1.0,0.5,0.005885362625122,5.0,max,,,,
var,synth,x_cause_y,100,1,0.75,0.6666666666666666,1.0,0.5,0.0059068202972412,5.0,max,,,,
var,synth,indep,1,1,0.7,0.4,1.0,0.25,0.0596439838409423,10.0,max,,,,
var,synth,indep,2,1,0.7,0.4,1.0,0.25,0.0325241088867187,10.0,max,,,,
var,synth,indep,3,1,0.7,0.4,1.0,0.25,0.0220131874084472,10.0,max,,,,
var,synth,indep,4,1,0.7,0.4,1.0,0.25,0.0177857875823974,10.0,max,,,,
var,synth,indep,5,1,0.7,0.4,1.0,0.25,0.0169670581817626,10.0,max,,,,
var,synth,indep,6,1,0.7,0.4,1.0,0.25,0.0142648220062255,10.0,max,,,,
var,synth,indep,7,1,0.7,0.4,1.0,0.25,0.0126471519470214,10.0,max,,,,
var,synth,indep,8,1,0.7,0.4,1.0,0.25,0.0117688179016113,10.0,max,,,,
var,synth,indep,9,1,0.7,0.4,1.0,0.25,0.0112586021423339,10.0,max,,,,
var,synth,indep,10,1,0.7,0.4,1.0,0.25,0.0102088451385498,10.0,max,,,,
var,synth,indep,20,1,0.7,0.4,1.0,0.25,0.0080699920654296,10.0,max,,,,
var,synth,indep,50,1,0.7,0.4,1.0,0.25,0.0065345764160156,10.0,max,,,,
var,synth,indep,100,1,0.7,0.4,1.0,0.25,0.0059518814086914,10.0,max,,,,
var,synth,x_cause_y,1,1,0.75,0.6666666666666666,1.0,0.5,0.058812141418457,10.0,max,,,,
var,synth,x_cause_y,2,1,0.75,0.6666666666666666,1.0,0.5,0.0323858261108398,10.0,max,,,,
var,synth,x_cause_y,3,1,0.75,0.6666666666666666,1.0,0.5,0.0223796367645263,10.0,max,,,,
var,synth,x_cause_y,4,1,0.75,0.6666666666666666,1.0,0.5,0.0174963474273681,10.0,max,,,,
var,synth,x_cause_y,5,1,0.75,0.6666666666666666,1.0,0.5,0.0154640674591064,10.0,max,,,,
var,synth,x_cause_y,6,1,0.75,0.6666666666666666,1.0,0.5,0.0135669708251953,10.0,max,,,,
var,synth,x_cause_y,7,1,0.75,0.6666666666666666,1.0,0.5,0.0121195316314697,10.0,max,,,,
var,synth,x_cause_y,8,1,0.75,0.6666666666666666,1.0,0.5,0.0111346244812011,10.0,max,,,,
var,synth,x_cause_y,9,1,0.75,0.6666666666666666,1.0,0.5,0.0104527473449707,10.0,max,,,,
var,synth,x_cause_y,10,1,0.75,0.6666666666666666,1.0,0.5,0.0101659297943115,10.0,max,,,,
var,synth,x_cause_y,20,1,0.75,0.6666666666666666,1.0,0.5,0.0086259841918945,10.0,max,,,,
var,synth,x_cause_y,50,1,0.75,0.6666666666666666,1.0,0.5,0.0064406394958496,10.0,max,,,,
var,synth,x_cause_y,100,1,0.75,0.6666666666666666,1.0,0.5,0.0056214332580566,10.0,max,,,,
var,synth,indep,1,1,0.7,0.4,1.0,0.25,0.096604585647583,20.0,max,,,,
var,synth,indep,2,1,0.7,0.4,1.0,0.25,0.0445952415466308,20.0,max,,,,
var,synth,indep,3,1,0.7,0.4,1.0,0.25,0.0321822166442871,20.0,max,,,,
var,synth,indep,4,1,0.7,0.4,1.0,0.25,0.0249242782592773,20.0,max,,,,
var,synth,indep,5,1,0.7,0.4,1.0,0.25,0.0209431648254394,20.0,max,,,,
var,synth,indep,6,1,0.7,0.4,1.0,0.25,0.0185682773590087,20.0,max,,,,
var,synth,indep,7,1,0.7,0.4,1.0,0.25,0.0156519412994384,20.0,max,,,,
var,synth,indep,8,1,0.7,0.4,1.0,0.25,0.0147695541381835,20.0,max,,,,
var,synth,indep,9,1,0.7,0.4,1.0,0.25,0.0142388343811035,20.0,max,,,,
var,synth,indep,10,1,0.7,0.4,1.0,0.25,0.0124139785766601,20.0,max,,,,
var,synth,indep,20,1,0.7,0.4,1.0,0.25,0.0089178085327148,20.0,max,,,,
var,synth,indep,50,1,0.7,0.4,1.0,0.25,0.0071394443511962,20.0,max,,,,
var,synth,indep,100,1,0.7,0.4,1.0,0.25,0.0065422058105468,20.0,max,,,,
var,synth,x_cause_y,1,1,0.75,0.6666666666666666,1.0,0.5,0.0839872360229492,20.0,max,,,,
var,synth,x_cause_y,2,1,0.75,0.6666666666666666,1.0,0.5,0.0451607704162597,20.0,max,,,,
var,synth,x_cause_y,3,1,0.75,0.6666666666666666,1.0,0.5,0.0322105884552001,20.0,max,,,,
var,synth,x_cause_y,4,1,0.75,0.6666666666666666,1.0,0.5,0.025015115737915,20.0,max,,,,
var,synth,x_cause_y,5,1,0.75,0.6666666666666666,1.0,0.5,0.0204095840454101,20.0,max,,,,
var,synth,x_cause_y,6,1,0.75,0.6666666666666666,1.0,0.5,0.0200185775756835,20.0,max,,,,
var,synth,x_cause_y,7,1,0.75,0.6666666666666666,1.0,0.5,0.0154352188110351,20.0,max,,,,
var,synth,x_cause_y,8,1,0.75,0.6666666666666666,1.0,0.5,0.0139365196228027,20.0,max,,,,
var,synth,x_cause_y,9,1,0.75,0.6666666666666666,1.0,0.5,0.0137469768524169,20.0,max,,,,
var,synth,x_cause_y,10,1,0.75,0.6666666666666666,1.0,0.5,0.0120105743408203,20.0,max,,,,
var,synth,x_cause_y,20,1,0.75,0.6666666666666666,1.0,0.5,0.0094358921051025,20.0,max,,,,
var,synth,x_cause_y,50,1,0.75,0.6666666666666666,1.0,0.5,0.0070066452026367,20.0,max,,,,
var,synth,x_cause_y,100,1,0.75,0.6666666666666666,1.0,0.5,0.0063652992248535,20.0,max,,,,
dynotears,synth,indep,1,1,0.8,0.5,1.0,0.3333333333333333,0.0272016525268554,1.0,,0.05,0.05,0.01,
dynotears,synth,indep,2,1,0.8,0.5,1.0,0.3333333333333333,0.0274441242218017,1.0,,0.05,0.05,0.01,
dynotears,synth,indep,3,1,0.7,0.4,1.0,0.25,0.0287327766418457,1.0,,0.05,0.05,0.01,
dynotears,synth,indep,4,1,0.7,0.4,1.0,0.25,0.1523141860961914,1.0,,0.05,0.05,0.01,
dynotears,synth,indep,5,1,0.7,0.4,1.0,0.25,0.1498258113861084,1.0,,0.05,0.05,0.01,
dynotears,synth,indep,6,1,0.7,0.4,1.0,0.25,0.147939920425415,1.0,,0.05,0.05,0.01,
dynotears,synth,indep,7,1,0.7,0.4,1.0,0.25,0.1069498062133789,1.0,,0.05,0.05,0.01,
dynotears,synth,indep,8,1,0.7,0.4,1.0,0.25,0.0117106437683105,1.0,,0.05,0.05,0.01,
dynotears,synth,indep,9,1,0.7,0.4,1.0,0.25,0.0169413089752197,1.0,,0.05,0.05,0.01,
dynotears,synth,indep,10,1,0.7,0.4,1.0,0.25,0.0113210678100585,1.0,,0.05,0.05,0.01,
dynotears,synth,indep,20,1,0.8,0.5,1.0,0.3333333333333333,0.0106263160705566,1.0,,0.05,0.05,0.01,
dynotears,synth,indep,50,1,0.7,0.4,1.0,0.25,0.1459462642669677,1.0,,0.05,0.05,0.01,
dynotears,synth,indep,100,1,0.8,0.5,1.0,0.3333333333333333,0.1553308963775634,1.0,,0.05,0.05,0.01,
dynotears,synth,x_cause_y,1,1,0.75,0.6666666666666666,1.0,0.5,0.074500560760498,1.0,,0.05,0.05,0.01,
dynotears,synth,x_cause_y,2,1,0.75,0.6666666666666666,1.0,0.5,0.085834264755249,1.0,,0.05,0.05,0.01,
dynotears,synth,x_cause_y,3,1,0.75,0.6666666666666666,1.0,0.5,0.4819233417510986,1.0,,0.05,0.05,0.01,
dynotears,synth,x_cause_y,4,1,0.75,0.6666666666666666,1.0,0.5,0.7067368030548096,1.0,,0.05,0.05,0.01,
dynotears,synth,x_cause_y,5,1,0.75,0.6666666666666666,1.0,0.5,0.761113166809082,1.0,,0.05,0.05,0.01,
dynotears,synth,x_cause_y,6,1,0.75,0.6666666666666666,1.0,0.5,0.8402292728424072,1.0,,0.05,0.05,0.01,
dynotears,synth,x_cause_y,7,1,0.75,0.6666666666666666,1.0,0.5,0.5979993343353271,1.0,,0.05,0.05,0.01,
dynotears,synth,x_cause_y,8,1,0.75,0.6666666666666666,1.0,0.5,0.7717812061309814,1.0,,0.05,0.05,0.01,
dynotears,synth,x_cause_y,9,1,0.75,0.6666666666666666,1.0,0.5,0.7677316665649414,1.0,,0.05,0.05,0.01,
dynotears,synth,x_cause_y,10,1,0.75,0.6666666666666666,1.0,0.5,0.7489478588104248,1.0,,0.05,0.05,0.01,
dynotears,synth,x_cause_y,20,1,0.75,0.6666666666666666,1.0,0.5,0.4763422012329101,1.0,,0.05,0.05,0.01,
dynotears,synth,x_cause_y,50,1,0.75,0.6666666666666666,1.0,0.5,0.6888351440429688,1.0,,0.05,0.05,0.01,
dynotears,synth,x_cause_y,100,1,0.75,0.6666666666666666,1.0,0.5,0.5374472141265869,1.0,,0.05,0.05,0.01,
dynotears,synth,indep,1,1,0.8,0.5,1.0,0.3333333333333333,0.0548412799835205,2.0,,0.05,0.05,0.01,
dynotears,synth,indep,2,1,0.8,0.5,1.0,0.3333333333333333,0.0392889976501464,2.0,,0.05,0.05,0.01,
dynotears,synth,indep,3,1,0.7,0.4,1.0,0.25,0.0391504764556884,2.0,,0.05,0.05,0.01,
dynotears,synth,indep,4,1,0.7,0.4,1.0,0.25,0.0315403938293457,2.0,,0.05,0.05,0.01,
dynotears,synth,indep,5,1,0.7,0.4,1.0,0.25,0.1234681606292724,2.0,,0.05,0.05,0.01,
dynotears,synth,indep,6,1,0.7,0.4,1.0,0.25,0.2095077037811279,2.0,,0.05,0.05,0.01,
dynotears,synth,indep,7,1,0.7,0.4,1.0,0.25,0.2016091346740722,2.0,,0.05,0.05,0.01,
dynotears,synth,indep,8,1,0.7,0.4,1.0,0.25,0.0187997817993164,2.0,,0.05,0.05,0.01,
dynotears,synth,indep,9,1,0.7,0.4,1.0,0.25,0.113401174545288,2.0,,0.05,0.05,0.01,
dynotears,synth,indep,10,1,0.7,0.4,1.0,0.25,0.0135297775268554,2.0,,0.05,0.05,0.01,
dynotears,synth,indep,20,1,0.8,0.5,1.0,0.3333333333333333,0.0153968334197998,2.0,,0.05,0.05,0.01,
dynotears,synth,indep,50,1,0.7,0.4,1.0,0.25,0.1898300647735595,2.0,,0.05,0.05,0.01,
dynotears,synth,indep,100,1,0.7,0.4,1.0,0.25,0.250157356262207,2.0,,0.05,0.05,0.01,
dynotears,synth,x_cause_y,1,1,0.75,0.6666666666666666,1.0,0.5,0.0821583271026611,2.0,,0.05,0.05,0.01,
dynotears,synth,x_cause_y,2,1,0.75,0.6666666666666666,1.0,0.5,0.1921141147613525,2.0,,0.05,0.05,0.01,
dynotears,synth,x_cause_y,3,1,0.75,0.6666666666666666,1.0,0.5,0.122941255569458,2.0,,0.05,0.05,0.01,
dynotears,synth,x_cause_y,4,1,0.75,0.6666666666666666,1.0,0.5,0.1707942485809326,2.0,,0.05,0.05,0.01,
dynotears,synth,x_cause_y,5,1,0.75,0.6666666666666666,1.0,0.5,0.1511459350585937,2.0,,0.05,0.05,0.01,
dynotears,synth,x_cause_y,6,1,0.75,0.6666666666666666,1.0,0.5,0.1383383274078369,2.0,,0.05,0.05,0.01,
dynotears,synth,x_cause_y,7,1,0.75,0.6666666666666666,1.0,0.5,0.8227317333221436,2.0,,0.05,0.05,0.01,
dynotears,synth,x_cause_y,8,1,0.75,0.6666666666666666,1.0,0.5,0.5631716251373291,2.0,,0.05,0.05,0.01,
dynotears,synth,x_cause_y,9,1,0.75,0.6666666666666666,1.0,0.5,1.1108007431030271,2.0,,0.05,0.05,0.01,
dynotears,synth,x_cause_y,10,1,0.75,0.6666666666666666,1.0,0.5,1.222093105316162,2.0,,0.05,0.05,0.01,
dynotears,synth,x_cause_y,20,1,0.75,0.6666666666666666,1.0,0.5,0.8279407024383545,2.0,,0.05,0.05,0.01,
dynotears,synth,x_cause_y,50,1,0.75,0.6666666666666666,1.0,0.5,0.7555041313171387,2.0,,0.05,0.05,0.01,
dynotears,synth,x_cause_y,100,1,0.75,0.6666666666666666,1.0,0.5,0.649625301361084,2.0,,0.05,0.05,0.01,
dynotears,synth,indep,1,1,0.8,0.5,1.0,0.3333333333333333,0.0525293350219726,3.0,,0.05,0.05,0.01,
dynotears,synth,indep,2,1,0.8,0.5,1.0,0.3333333333333333,0.0673446655273437,3.0,,0.05,0.05,0.01,
dynotears,synth,indep,3,1,0.8,0.5,1.0,0.3333333333333333,0.0507943630218505,3.0,,0.05,0.05,0.01,
dynotears,synth,indep,4,1,0.7,0.4,1.0,0.25,0.0396370887756347,3.0,,0.05,0.05,0.01,
dynotears,synth,indep,5,1,0.7,0.4,1.0,0.25,0.0330028533935546,3.0,,0.05,0.05,0.01,
dynotears,synth,indep,6,1,0.7,0.4,1.0,0.25,0.1886265277862548,3.0,,0.05,0.05,0.01,
dynotears,synth,indep,7,1,0.7,0.4,1.0,0.25,0.1320066452026367,3.0,,0.05,0.05,0.01,
dynotears,synth,indep,8,1,0.7,0.4,1.0,0.25,0.0177476406097412,3.0,,0.05,0.05,0.01,
dynotears,synth,indep,9,1,0.7,0.4,1.0,0.25,0.0200254917144775,3.0,,0.05,0.05,0.01,
dynotears,synth,indep,10,1,0.7,0.4,1.0,0.25,0.0141217708587646,3.0,,0.05,0.05,0.01,
dynotears,synth,indep,20,1,0.8,0.5,1.0,0.3333333333333333,0.0146152973175048,3.0,,0.05,0.05,0.01,
dynotears,synth,indep,50,1,0.7,0.4,1.0,0.25,0.194066047668457,3.0,,0.05,0.05,0.01,
dynotears,synth,indep,100,1,0.7,0.4,1.0,0.25,0.0211443901062011,3.0,,0.05,0.05,0.01,
dynotears,synth,x_cause_y,1,1,0.75,0.6666666666666666,1.0,0.5,0.2202608585357666,3.0,,0.05,0.05,0.01,
dynotears,synth,x_cause_y,2,1,0.75,0.6666666666666666,1.0,0.5,0.2025794982910156,3.0,,0.05,0.05,0.01,
dynotears,synth,x_cause_y,3,1,0.75,0.6666666666666666,1.0,0.5,0.2037680149078369,3.0,,0.05,0.05,0.01,
dynotears,synth,x_cause_y,4,1,0.75,0.6666666666666666,1.0,0.5,0.1569447517395019,3.0,,0.05,0.05,0.01,
dynotears,synth,x_cause_y,5,1,0.75,0.6666666666666666,1.0,0.5,0.3714842796325683,3.0,,0.05,0.05,0.01,
dynotears,synth,x_cause_y,6,1,0.75,0.6666666666666666,1.0,0.5,0.1939063072204589,3.0,,0.05,0.05,0.01,
dynotears,synth,x_cause_y,7,1,0.75,0.6666666666666666,1.0,0.5,0.1358425617218017,3.0,,0.05,0.05,0.01,
dynotears,synth,x_cause_y,8,1,0.75,0.6666666666666666,1.0,0.5,0.26015305519104,3.0,,0.05,0.05,0.01,
dynotears,synth,x_cause_y,9,1,0.75,0.6666666666666666,1.0,0.5,0.2878618240356445,3.0,,0.05,0.05,0.01,
dynotears,synth,x_cause_y,10,1,0.75,0.6666666666666666,1.0,0.5,0.2603936195373535,3.0,,0.05,0.05,0.01,
dynotears,synth,x_cause_y,20,1,0.75,0.6666666666666666,1.0,0.5,0.9126884937286376,3.0,,0.05,0.05,0.01,
dynotears,synth,x_cause_y,50,1,0.75,0.6666666666666666,1.0,0.5,0.804795503616333,3.0,,0.05,0.05,0.01,
dynotears,synth,x_cause_y,100,1,0.75,0.6666666666666666,1.0,0.5,0.6668822765350342,3.0,,0.05,0.05,0.01,
dynotears,synth,indep,1,1,0.8,0.5,1.0,0.3333333333333333,0.1297914981842041,4.0,,0.05,0.05,0.01,
dynotears,synth,indep,2,1,0.8,0.5,1.0,0.3333333333333333,0.0774319171905517,4.0,,0.05,0.05,0.01,
dynotears,synth,indep,3,1,0.8,0.5,1.0,0.3333333333333333,0.0985219478607177,4.0,,0.05,0.05,0.01,
dynotears,synth,indep,4,1,0.7,0.4,1.0,0.25,0.0516314506530761,4.0,,0.05,0.05,0.01,
dynotears,synth,indep,5,1,0.7,0.4,1.0,0.25,0.1444642543792724,4.0,,0.05,0.05,0.01,
dynotears,synth,indep,6,1,0.7,0.4,1.0,0.25,0.1863622665405273,4.0,,0.05,0.05,0.01,
dynotears,synth,indep,7,1,0.7,0.4,1.0,0.25,0.1387760639190673,4.0,,0.05,0.05,0.01,
dynotears,synth,indep,8,1,0.7,0.4,1.0,0.25,0.0187852382659912,4.0,,0.05,0.05,0.01,
dynotears,synth,indep,9,1,0.7,0.4,1.0,0.25,0.0223190784454345,4.0,,0.05,0.05,0.01,
dynotears,synth,indep,10,1,0.7,0.4,1.0,0.25,0.0153825283050537,4.0,,0.05,0.05,0.01,
dynotears,synth,indep,20,1,0.7,0.4,1.0,0.25,0.0137510299682617,4.0,,0.05,0.05,0.01,
dynotears,synth,indep,50,1,0.7,0.4,1.0,0.25,0.1275513172149658,4.0,,0.05,0.05,0.01,
dynotears,synth,indep,100,1,0.7,0.4,1.0,0.25,0.0217249393463134,4.0,,0.05,0.05,0.01,
dynotears,synth,x_cause_y,1,1,0.75,0.6666666666666666,1.0,0.5,0.1423738002777099,4.0,,0.05,0.05,0.01,
dynotears,synth,x_cause_y,2,1,0.75,0.6666666666666666,1.0,0.5,0.2019288539886474,4.0,,0.05,0.05,0.01,
dynotears,synth,x_cause_y,3,1,0.75,0.6666666666666666,1.0,0.5,0.2224247455596923,4.0,,0.05,0.05,0.01,
dynotears,synth,x_cause_y,4,1,0.75,0.6666666666666666,1.0,0.5,0.2346549034118652,4.0,,0.05,0.05,0.01,
dynotears,synth,x_cause_y,5,1,0.75,0.6666666666666666,1.0,0.5,0.4249486923217773,4.0,,0.05,0.05,0.01,
dynotears,synth,x_cause_y,6,1,0.75,0.6666666666666666,1.0,0.5,0.1776435375213623,4.0,,0.05,0.05,0.01,
dynotears,synth,x_cause_y,7,1,0.75,0.6666666666666666,1.0,0.5,0.252936840057373,4.0,,0.05,0.05,0.01,
dynotears,synth,x_cause_y,8,1,0.75,0.6666666666666666,1.0,0.5,0.2372832298278808,4.0,,0.05,0.05,0.01,
dynotears,synth,x_cause_y,9,1,0.75,0.6666666666666666,1.0,0.5,0.2970778942108154,4.0,,0.05,0.05,0.01,
dynotears,synth,x_cause_y,10,1,0.75,0.6666666666666666,1.0,0.5,0.371380090713501,4.0,,0.05,0.05,0.01,
dynotears,synth,x_cause_y,20,1,0.75,0.6666666666666666,1.0,0.5,0.989492893218994,4.0,,0.05,0.05,0.01,
dynotears,synth,x_cause_y,50,1,0.75,0.6666666666666666,1.0,0.5,0.8040680885314941,4.0,,0.05,0.05,0.01,
dynotears,synth,x_cause_y,100,1,0.75,0.6666666666666666,1.0,0.5,0.6958365440368652,4.0,,0.05,0.05,0.01,
dynotears,synth,indep,1,1,0.8,0.5,1.0,0.3333333333333333,0.118126630783081,5.0,,0.05,0.05,0.01,
dynotears,synth,indep,2,1,0.8,0.5,1.0,0.3333333333333333,0.088557481765747,5.0,,0.05,0.05,0.01,
dynotears,synth,indep,3,1,0.8,0.5,1.0,0.3333333333333333,0.093168020248413,5.0,,0.05,0.05,0.01,
dynotears,synth,indep,4,1,0.7,0.4,1.0,0.25,0.0588860511779785,5.0,,0.05,0.05,0.01,
dynotears,synth,indep,5,1,0.7,0.4,1.0,0.25,0.1473250389099121,5.0,,0.05,0.05,0.01,
dynotears,synth,indep,6,1,0.7,0.4,1.0,0.25,0.1436107158660888,5.0,,0.05,0.05,0.01,
dynotears,synth,indep,7,1,0.7,0.4,1.0,0.25,0.136998176574707,5.0,,0.05,0.05,0.01,
dynotears,synth,indep,8,1,0.7,0.4,1.0,0.25,0.0183370113372802,5.0,,0.05,0.05,0.01,
dynotears,synth,indep,9,1,0.7,0.4,1.0,0.25,0.0224533081054687,5.0,,0.05,0.05,0.01,
dynotears,synth,indep,10,1,0.7,0.4,1.0,0.25,0.0164875984191894,5.0,,0.05,0.05,0.01,
dynotears,synth,indep,20,1,0.7,0.4,1.0,0.25,0.0149321556091308,5.0,,0.05,0.05,0.01,
dynotears,synth,indep,50,1,0.7,0.4,1.0,0.25,0.1758625507354736,5.0,,0.05,0.05,0.01,
dynotears,synth,indep,100,1,0.7,0.4,1.0,0.25,0.1875102519989013,5.0,,0.05,0.05,0.01,
dynotears,synth,x_cause_y,1,1,0.75,0.6666666666666666,1.0,0.5,0.2835993766784668,5.0,,0.05,0.05,0.01,
dynotears,synth,x_cause_y,2,1,0.75,0.6666666666666666,1.0,0.5,0.2408590316772461,5.0,,0.05,0.05,0.01,
dynotears,synth,x_cause_y,3,1,0.75,0.6666666666666666,1.0,0.5,0.1959805488586425,5.0,,0.05,0.05,0.01,
dynotears,synth,x_cause_y,4,1,0.75,0.6666666666666666,1.0,0.5,0.2443904876708984,5.0,,0.05,0.05,0.01,
dynotears,synth,x_cause_y,5,1,0.75,0.6666666666666666,1.0,0.5,0.1610798835754394,5.0,,0.05,0.05,0.01,
dynotears,synth,x_cause_y,6,1,0.75,0.6666666666666666,1.0,0.5,0.3509695529937744,5.0,,0.05,0.05,0.01,
dynotears,synth,x_cause_y,7,1,0.75,0.6666666666666666,1.0,0.5,0.3220899105072021,5.0,,0.05,0.05,0.01,
dynotears,synth,x_cause_y,8,1,0.75,0.6666666666666666,1.0,0.5,0.3034272193908691,5.0,,0.05,0.05,0.01,
dynotears,synth,x_cause_y,9,1,0.75,0.6666666666666666,1.0,0.5,0.5558364391326904,5.0,,0.05,0.05,0.01,
dynotears,synth,x_cause_y,10,1,0.75,0.6666666666666666,1.0,0.5,0.834012508392334,5.0,,0.05,0.05,0.01,
dynotears,synth,x_cause_y,20,1,0.75,0.6666666666666666,1.0,0.5,1.1192529201507568,5.0,,0.05,0.05,0.01,
dynotears,synth,x_cause_y,50,1,0.75,0.6666666666666666,1.0,0.5,0.8300638198852539,5.0,,0.05,0.05,0.01,
dynotears,synth,x_cause_y,100,1,0.75,0.6666666666666666,1.0,0.5,0.7491250038146973,5.0,,0.05,0.05,0.01,
dynotears,synth,indep,1,1,0.8,0.5,1.0,0.3333333333333333,0.354095458984375,10.0,,0.05,0.05,0.01,
dynotears,synth,indep,2,1,0.8,0.5,1.0,0.3333333333333333,0.1205935478210449,10.0,,0.05,0.05,0.01,
dynotears,synth,indep,3,1,0.8,0.5,1.0,0.3333333333333333,0.1142652034759521,10.0,,0.05,0.05,0.01,
dynotears,synth,indep,4,1,0.7,0.4,1.0,0.25,0.0687048435211181,10.0,,0.05,0.05,0.01,
dynotears,synth,indep,5,1,0.7,0.4,1.0,0.25,0.165116548538208,10.0,,0.05,0.05,0.01,
dynotears,synth,indep,6,1,0.7,0.4,1.0,0.25,0.160999059677124,10.0,,0.05,0.05,0.01,
dynotears,synth,indep,7,1,0.7,0.4,1.0,0.25,0.1521847248077392,10.0,,0.05,0.05,0.01,
dynotears,synth,indep,8,1,0.7,0.4,1.0,0.25,0.0206291675567626,10.0,,0.05,0.05,0.01,
dynotears,synth,indep,9,1,0.7,0.4,1.0,0.25,0.0256662368774414,10.0,,0.05,0.05,0.01,
dynotears,synth,indep,10,1,0.7,0.4,1.0,0.25,0.0207545757293701,10.0,,0.05,0.05,0.01,
dynotears,synth,indep,20,1,0.7,0.4,1.0,0.25,0.0170087814331054,10.0,,0.05,0.05,0.01,
dynotears,synth,indep,50,1,0.7,0.4,1.0,0.25,0.343724250793457,10.0,,0.05,0.05,0.01,
dynotears,synth,indep,100,1,0.7,0.4,1.0,0.25,0.3496909141540527,10.0,,0.05,0.05,0.01,
dynotears,synth,x_cause_y,1,1,0.75,0.6666666666666666,1.0,0.5,0.6198606491088867,10.0,,0.05,0.05,0.01,
dynotears,synth,x_cause_y,2,1,0.75,0.6666666666666666,1.0,0.5,0.3324108123779297,10.0,,0.05,0.05,0.01,
dynotears,synth,x_cause_y,3,1,0.75,0.6666666666666666,1.0,0.5,0.3356974124908447,10.0,,0.05,0.05,0.01,
dynotears,synth,x_cause_y,4,1,0.75,0.6666666666666666,1.0,0.5,0.6439990997314453,10.0,,0.05,0.05,0.01,
dynotears,synth,x_cause_y,5,1,0.75,0.6666666666666666,1.0,0.5,0.2603623867034912,10.0,,0.05,0.05,0.01,
dynotears,synth,x_cause_y,6,1,0.75,0.6666666666666666,1.0,0.5,0.1836738586425781,10.0,,0.05,0.05,0.01,
dynotears,synth,x_cause_y,7,1,0.75,0.6666666666666666,1.0,0.5,0.6188170909881592,10.0,,0.05,0.05,0.01,
dynotears,synth,x_cause_y,8,1,0.75,0.6666666666666666,1.0,0.5,0.4694652557373047,10.0,,0.05,0.05,0.01,
dynotears,synth,x_cause_y,9,1,0.75,0.6666666666666666,1.0,0.5,0.3734734058380127,10.0,,0.05,0.05,0.01,
dynotears,synth,x_cause_y,10,1,0.75,0.6666666666666666,1.0,0.5,0.6206707954406738,10.0,,0.05,0.05,0.01,
dynotears,synth,x_cause_y,20,1,0.75,0.6666666666666666,1.0,0.5,1.3248379230499268,10.0,,0.05,0.05,0.01,
dynotears,synth,x_cause_y,50,1,0.75,0.6666666666666666,1.0,0.5,0.8312587738037109,10.0,,0.05,0.05,0.01,
dynotears,synth,x_cause_y,100,1,0.75,0.6666666666666666,1.0,0.5,0.722651481628418,10.0,,0.05,0.05,0.01,
dynotears,synth,indep,1,1,0.8,0.5,1.0,0.3333333333333333,0.6949930191040039,20.0,,0.05,0.05,0.01,
dynotears,synth,indep,2,1,0.8,0.5,1.0,0.3333333333333333,0.1904993057250976,20.0,,0.05,0.05,0.01,
dynotears,synth,indep,3,1,0.7,0.4,1.0,0.25,0.1534795761108398,20.0,,0.05,0.05,0.01,
dynotears,synth,indep,4,1,0.7,0.4,1.0,0.25,0.0837657451629638,20.0,,0.05,0.05,0.01,
dynotears,synth,indep,5,1,0.7,0.4,1.0,0.25,0.2020962238311767,20.0,,0.05,0.05,0.01,
dynotears,synth,indep,6,1,0.7,0.4,1.0,0.25,0.2711038589477539,20.0,,0.05,0.05,0.01,
dynotears,synth,indep,7,1,0.7,0.4,1.0,0.25,0.1865482330322265,20.0,,0.05,0.05,0.01,
dynotears,synth,indep,8,1,0.7,0.4,1.0,0.25,0.0260612964630126,20.0,,0.05,0.05,0.01,
dynotears,synth,indep,9,1,0.7,0.4,1.0,0.25,0.027688980102539,20.0,,0.05,0.05,0.01,
dynotears,synth,indep,10,1,0.7,0.4,1.0,0.25,0.0214338302612304,20.0,,0.05,0.05,0.01,
dynotears,synth,indep,20,1,0.7,0.4,1.0,0.25,0.0210473537445068,20.0,,0.05,0.05,0.01,
dynotears,synth,indep,50,1,0.7,0.4,1.0,0.25,0.5586555004119873,20.0,,0.05,0.05,0.01,
dynotears,synth,indep,100,1,0.7,0.4,1.0,0.25,0.1870660781860351,20.0,,0.05,0.05,0.01,
dynotears,synth,x_cause_y,1,1,0.75,0.6666666666666666,1.0,0.5,0.7297723293304443,20.0,,0.05,0.05,0.01,
dynotears,synth,x_cause_y,2,1,0.75,0.6666666666666666,1.0,0.5,0.349006175994873,20.0,,0.05,0.05,0.01,
dynotears,synth,x_cause_y,3,1,0.75,0.6666666666666666,1.0,0.5,0.2295029163360595,20.0,,0.05,0.05,0.01,
dynotears,synth,x_cause_y,4,1,0.75,0.6666666666666666,1.0,0.5,0.6599884033203125,20.0,,0.05,0.05,0.01,
dynotears,synth,x_cause_y,5,1,0.75,0.6666666666666666,1.0,0.5,0.3350312709808349,20.0,,0.05,0.05,0.01,
dynotears,synth,x_cause_y,6,1,0.75,0.6666666666666666,1.0,0.5,0.684227466583252,20.0,,0.05,0.05,0.01,
dynotears,synth,x_cause_y,7,1,0.75,0.6666666666666666,1.0,0.5,0.9422292709350586,20.0,,0.05,0.05,0.01,
dynotears,synth,x_cause_y,8,1,0.75,0.6666666666666666,1.0,0.5,0.5381441116333008,20.0,,0.05,0.05,0.01,
dynotears,synth,x_cause_y,9,1,0.75,0.6666666666666666,1.0,0.5,0.4856903553009033,20.0,,0.05,0.05,0.01,
dynotears,synth,x_cause_y,10,1,0.75,0.6666666666666666,1.0,0.5,0.6632063388824463,20.0,,0.05,0.05,0.01,
dynotears,synth,x_cause_y,20,1,0.75,0.6666666666666666,1.0,0.5,1.849658489227295,20.0,,0.05,0.05,0.01,
dynotears,synth,x_cause_y,50,1,0.75,0.6666666666666666,1.0,0.5,0.9429008960723876,20.0,,0.05,0.05,0.01,
dynotears,synth,x_cause_y,100,1,0.75,0.6666666666666666,1.0,0.5,1.0052063465118408,20.0,,0.05,0.05,0.01,
pcmci,synth,indep,1,1,0.8,0.5,1.0,0.3333333333333333,0.1185176372528076,1.0,,,,,0.05
pcmci,synth,indep,2,1,0.8,0.5,1.0,0.3333333333333333,0.0731923580169677,1.0,,,,,0.05
pcmci,synth,indep,3,1,0.8,0.5,1.0,0.3333333333333333,0.063563585281372,1.0,,,,,0.05
pcmci,synth,indep,4,1,0.8,0.5,1.0,0.3333333333333333,0.0754222869873046,1.0,,,,,0.05
pcmci,synth,indep,5,1,0.8,0.5,1.0,0.3333333333333333,0.0619921684265136,1.0,,,,,0.05
pcmci,synth,indep,6,1,0.8,0.5,1.0,0.3333333333333333,0.0643219947814941,1.0,,,,,0.05
pcmci,synth,indep,7,1,0.8,0.5,1.0,0.3333333333333333,0.0843951702117919,1.0,,,,,0.05
pcmci,synth,indep,8,1,0.8,0.5,1.0,0.3333333333333333,0.0635983943939209,1.0,,,,,0.05
pcmci,synth,indep,9,1,0.8,0.5,1.0,0.3333333333333333,0.0811097621917724,1.0,,,,,0.05
pcmci,synth,indep,10,1,0.8,0.5,1.0,0.3333333333333333,0.0614528656005859,1.0,,,,,0.05
pcmci,synth,indep,20,1,1.0,1.0,1.0,1.0,0.079089879989624,1.0,,,,,0.05
pcmci,synth,indep,50,1,1.0,1.0,1.0,1.0,0.0187687873840332,1.0,,,,,0.05
pcmci,synth,indep,100,1,1.0,1.0,1.0,1.0,0.0166981220245361,1.0,,,,,0.05
pcmci,synth,x_cause_y,1,1,0.75,0.6666666666666666,1.0,0.5,0.1280324459075927,1.0,,,,,0.05
pcmci,synth,x_cause_y,2,1,0.75,0.6666666666666666,1.0,0.5,0.1456532478332519,1.0,,,,,0.05
pcmci,synth,x_cause_y,3,1,0.75,0.6666666666666666,1.0,0.5,0.0992560386657714,1.0,,,,,0.05
pcmci,synth,x_cause_y,4,1,0.75,0.6666666666666666,1.0,0.5,0.1030666828155517,1.0,,,,,0.05
pcmci,synth,x_cause_y,5,1,0.75,0.6666666666666666,1.0,0.5,0.0862782001495361,1.0,,,,,0.05
pcmci,synth,x_cause_y,6,1,0.75,0.6666666666666666,1.0,0.5,0.1070859432220459,1.0,,,,,0.05
pcmci,synth,x_cause_y,7,1,0.75,0.6666666666666666,1.0,0.5,0.0858740806579589,1.0,,,,,0.05
pcmci,synth,x_cause_y,8,1,0.75,0.6666666666666666,1.0,0.5,0.0903589725494384,1.0,,,,,0.05
pcmci,synth,x_cause_y,9,1,0.75,0.6666666666666666,1.0,0.5,0.0815804004669189,1.0,,,,,0.05
pcmci,synth,x_cause_y,10,1,0.75,0.6666666666666666,1.0,0.5,0.0928213596343994,1.0,,,,,0.05
pcmci,synth,x_cause_y,20,1,0.75,0.6666666666666666,1.0,0.5,0.0754380226135253,1.0,,,,,0.05
pcmci,synth,x_cause_y,50,1,1.0,1.0,1.0,1.0,0.0785756111145019,1.0,,,,,0.05
pcmci,synth,x_cause_y,100,1,0.75,0.6666666666666666,0.5,1.0,0.0292787551879882,1.0,,,,,0.05
pcmci,synth,indep,1,1,0.8,0.5,1.0,0.3333333333333333,0.2698028087615967,2.0,,,,,0.05
pcmci,synth,indep,2,1,0.8,0.5,1.0,0.3333333333333333,0.1720857620239257,2.0,,,,,0.05
pcmci,synth,indep,3,1,0.8,0.5,1.0,0.3333333333333333,0.1949801445007324,2.0,,,,,0.05
pcmci,synth,indep,4,1,0.8,0.5,1.0,0.3333333333333333,0.1633217334747314,2.0,,,,,0.05
pcmci,synth,indep,5,1,0.8,0.5,1.0,0.3333333333333333,0.1286013126373291,2.0,,,,,0.05
pcmci,synth,indep,6,1,0.8,0.5,1.0,0.3333333333333333,0.1120331287384033,2.0,,,,,0.05
pcmci,synth,indep,7,1,0.8,0.5,1.0,0.3333333333333333,0.1076738834381103,2.0,,,,,0.05
pcmci,synth,indep,8,1,0.8,0.5,1.0,0.3333333333333333,0.1126322746276855,2.0,,,,,0.05
pcmci,synth,indep,9,1,0.8,0.5,1.0,0.3333333333333333,0.1018049716949462,2.0,,,,,0.05
pcmci,synth,indep,10,1,0.8,0.5,1.0,0.3333333333333333,0.1176357269287109,2.0,,,,,0.05
pcmci,synth,indep,20,1,1.0,1.0,1.0,1.0,0.0894713401794433,2.0,,,,,0.05
pcmci,synth,indep,50,1,1.0,1.0,1.0,1.0,0.0350549221038818,2.0,,,,,0.05
pcmci,synth,indep,100,1,1.0,1.0,1.0,1.0,0.0334174633026123,2.0,,,,,0.05
pcmci,synth,x_cause_y,1,1,0.75,0.6666666666666666,1.0,0.5,0.4201080799102783,2.0,,,,,0.05
pcmci,synth,x_cause_y,2,1,0.75,0.6666666666666666,1.0,0.5,0.3192164897918701,2.0,,,,,0.05
pcmci,synth,x_cause_y,3,1,0.75,0.6666666666666666,1.0,0.5,0.2723584175109863,2.0,,,,,0.05
pcmci,synth,x_cause_y,4,1,0.75,0.6666666666666666,1.0,0.5,0.2727861404418945,2.0,,,,,0.05
pcmci,synth,x_cause_y,5,1,0.75,0.6666666666666666,1.0,0.5,0.2245481014251709,2.0,,,,,0.05
pcmci,synth,x_cause_y,6,1,0.75,0.6666666666666666,1.0,0.5,0.2435061931610107,2.0,,,,,0.05
pcmci,synth,x_cause_y,7,1,0.75,0.6666666666666666,1.0,0.5,0.2227609157562255,2.0,,,,,0.05
pcmci,synth,x_cause_y,8,1,0.75,0.6666666666666666,1.0,0.5,0.2584164142608642,2.0,,,,,0.05
pcmci,synth,x_cause_y,9,1,0.75,0.6666666666666666,1.0,0.5,0.2206254005432129,2.0,,,,,0.05
pcmci,synth,x_cause_y,10,1,0.75,0.6666666666666666,1.0,0.5,0.2081336975097656,2.0,,,,,0.05
pcmci,synth,x_cause_y,20,1,0.75,0.6666666666666666,1.0,0.5,0.1817526817321777,2.0,,,,,0.05
pcmci,synth,x_cause_y,50,1,1.0,1.0,1.0,1.0,0.1099226474761962,2.0,,,,,0.05
pcmci,synth,x_cause_y,100,1,0.75,0.6666666666666666,0.5,1.0,0.0303401947021484,2.0,,,,,0.05
pcmci,synth,indep,1,1,0.8,0.5,1.0,0.3333333333333333,0.5044670104980469,3.0,,,,,0.05
pcmci,synth,indep,2,1,0.8,0.5,1.0,0.3333333333333333,0.3221633434295654,3.0,,,,,0.05
pcmci,synth,indep,3,1,0.8,0.5,1.0,0.3333333333333333,0.2561542987823486,3.0,,,,,0.05
pcmci,synth,indep,4,1,0.8,0.5,1.0,0.3333333333333333,0.2269899845123291,3.0,,,,,0.05
pcmci,synth,indep,5,1,0.8,0.5,1.0,0.3333333333333333,0.2009632587432861,3.0,,,,,0.05
pcmci,synth,indep,6,1,0.8,0.5,1.0,0.3333333333333333,0.150001049041748,3.0,,,,,0.05
pcmci,synth,indep,7,1,0.8,0.5,1.0,0.3333333333333333,0.1648867130279541,3.0,,,,,0.05
pcmci,synth,indep,8,1,0.8,0.5,1.0,0.3333333333333333,0.1538386344909668,3.0,,,,,0.05
pcmci,synth,indep,9,1,0.8,0.5,1.0,0.3333333333333333,0.1530385017395019,3.0,,,,,0.05
pcmci,synth,indep,10,1,0.8,0.5,1.0,0.3333333333333333,0.1815700531005859,3.0,,,,,0.05
pcmci,synth,indep,20,1,1.0,1.0,1.0,1.0,0.1080138683319091,3.0,,,,,0.05
pcmci,synth,indep,50,1,1.0,1.0,1.0,1.0,0.0511808395385742,3.0,,,,,0.05
pcmci,synth,indep,100,1,0.9,0.6666666666666666,1.0,0.5,0.1370279788970947,3.0,,,,,0.05
pcmci,synth,x_cause_y,1,1,0.75,0.6666666666666666,1.0,0.5,0.8243668079376221,3.0,,,,,0.05
pcmci,synth,x_cause_y,2,1,0.75,0.6666666666666666,1.0,0.5,0.5315730571746826,3.0,,,,,0.05
pcmci,synth,x_cause_y,3,1,0.75,0.6666666666666666,1.0,0.5,0.5279157161712646,3.0,,,,,0.05
pcmci,synth,x_cause_y,4,1,0.75,0.6666666666666666,1.0,0.5,0.5379376411437988,3.0,,,,,0.05
pcmci,synth,x_cause_y,5,1,0.75,0.6666666666666666,1.0,0.5,0.5534803867340088,3.0,,,,,0.05
pcmci,synth,x_cause_y,6,1,0.75,0.6666666666666666,1.0,0.5,0.4790084362030029,3.0,,,,,0.05
pcmci,synth,x_cause_y,7,1,0.75,0.6666666666666666,1.0,0.5,0.4326574802398681,3.0,,,,,0.05
pcmci,synth,x_cause_y,8,1,0.75,0.6666666666666666,1.0,0.5,0.491523265838623,3.0,,,,,0.05
pcmci,synth,x_cause_y,9,1,0.75,0.6666666666666666,1.0,0.5,0.3660295009613037,3.0,,,,,0.05
pcmci,synth,x_cause_y,10,1,0.75,0.6666666666666666,1.0,0.5,0.420659065246582,3.0,,,,,0.05
pcmci,synth,x_cause_y,20,1,0.75,0.6666666666666666,1.0,0.5,0.244150161743164,3.0,,,,,0.05
pcmci,synth,x_cause_y,50,1,1.0,1.0,1.0,1.0,0.1318700313568115,3.0,,,,,0.05
pcmci,synth,x_cause_y,100,1,0.75,0.6666666666666666,0.5,1.0,0.0439338684082031,3.0,,,,,0.05
pcmci,synth,indep,1,1,0.8,0.5,1.0,0.3333333333333333,0.7123713493347168,4.0,,,,,0.05
pcmci,synth,indep,2,1,0.8,0.5,1.0,0.3333333333333333,0.4506442546844482,4.0,,,,,0.05
pcmci,synth,indep,3,1,0.8,0.5,1.0,0.3333333333333333,0.3660478591918945,4.0,,,,,0.05
pcmci,synth,indep,4,1,0.8,0.5,1.0,0.3333333333333333,0.2481217384338379,4.0,,,,,0.05
pcmci,synth,indep,5,1,0.8,0.5,1.0,0.3333333333333333,0.2335705757141113,4.0,,,,,0.05
pcmci,synth,indep,6,1,0.8,0.5,1.0,0.3333333333333333,0.1823790073394775,4.0,,,,,0.05
pcmci,synth,indep,7,1,0.8,0.5,1.0,0.3333333333333333,0.1942315101623535,4.0,,,,,0.05
pcmci,synth,indep,8,1,0.8,0.5,1.0,0.3333333333333333,0.1760604381561279,4.0,,,,,0.05
pcmci,synth,indep,9,1,0.8,0.5,1.0,0.3333333333333333,0.1867165565490722,4.0,,,,,0.05
pcmci,synth,indep,10,1,0.8,0.5,1.0,0.3333333333333333,0.2072467803955078,4.0,,,,,0.05
pcmci,synth,indep,20,1,1.0,1.0,1.0,1.0,0.1735987663269043,4.0,,,,,0.05
pcmci,synth,indep,50,1,1.0,1.0,1.0,1.0,0.0667221546173095,4.0,,,,,0.05
pcmci,synth,indep,100,1,0.9,0.6666666666666666,1.0,0.5,0.1377501487731933,4.0,,,,,0.05
pcmci,synth,x_cause_y,1,1,0.75,0.6666666666666666,1.0,0.5,1.2577149868011477,4.0,,,,,0.05
pcmci,synth,x_cause_y,2,1,0.75,0.6666666666666666,1.0,0.5,1.093613624572754,4.0,,,,,0.05
pcmci,synth,x_cause_y,3,1,0.75,0.6666666666666666,1.0,0.5,0.8685641288757324,4.0,,,,,0.05
pcmci,synth,x_cause_y,4,1,0.75,0.6666666666666666,1.0,0.5,0.8073863983154297,4.0,,,,,0.05
pcmci,synth,x_cause_y,5,1,0.75,0.6666666666666666,1.0,0.5,0.7636170387268066,4.0,,,,,0.05
pcmci,synth,x_cause_y,6,1,0.75,0.6666666666666666,1.0,0.5,0.7171986103057861,4.0,,,,,0.05
pcmci,synth,x_cause_y,7,1,0.75,0.6666666666666666,1.0,0.5,0.5666112899780273,4.0,,,,,0.05
pcmci,synth,x_cause_y,8,1,0.75,0.6666666666666666,1.0,0.5,0.584669828414917,4.0,,,,,0.05
pcmci,synth,x_cause_y,9,1,0.75,0.6666666666666666,1.0,0.5,0.545098066329956,4.0,,,,,0.05
pcmci,synth,x_cause_y,10,1,0.75,0.6666666666666666,1.0,0.5,0.5427224636077881,4.0,,,,,0.05
pcmci,synth,x_cause_y,20,1,0.75,0.6666666666666666,1.0,0.5,0.2776424884796142,4.0,,,,,0.05
pcmci,synth,x_cause_y,50,1,1.0,1.0,1.0,1.0,0.1391940116882324,4.0,,,,,0.05
pcmci,synth,x_cause_y,100,1,0.75,0.6666666666666666,0.5,1.0,0.059300422668457,4.0,,,,,0.05
pcmci,synth,indep,1,1,0.8,0.5,1.0,0.3333333333333333,1.0669455528259275,5.0,,,,,0.05
pcmci,synth,indep,2,1,0.8,0.5,1.0,0.3333333333333333,0.6729438304901123,5.0,,,,,0.05
pcmci,synth,indep,3,1,0.8,0.5,1.0,0.3333333333333333,0.4277381896972656,5.0,,,,,0.05
pcmci,synth,indep,4,1,0.8,0.5,1.0,0.3333333333333333,0.308828592300415,5.0,,,,,0.05
pcmci,synth,indep,5,1,0.8,0.5,1.0,0.3333333333333333,0.2775764465332031,5.0,,,,,0.05
pcmci,synth,indep,6,1,0.8,0.5,1.0,0.3333333333333333,0.2579367160797119,5.0,,,,,0.05
pcmci,synth,indep,7,1,0.8,0.5,1.0,0.3333333333333333,0.231896162033081,5.0,,,,,0.05
pcmci,synth,indep,8,1,0.8,0.5,1.0,0.3333333333333333,0.2071070671081543,5.0,,,,,0.05
pcmci,synth,indep,9,1,0.8,0.5,1.0,0.3333333333333333,0.2197978496551513,5.0,,,,,0.05
pcmci,synth,indep,10,1,0.8,0.5,1.0,0.3333333333333333,0.2470793724060058,5.0,,,,,0.05
pcmci,synth,indep,20,1,1.0,1.0,1.0,1.0,0.1679680347442627,5.0,,,,,0.05
pcmci,synth,indep,50,1,1.0,1.0,1.0,1.0,0.1536097526550293,5.0,,,,,0.05
pcmci,synth,indep,100,1,0.9,0.6666666666666666,1.0,0.5,0.1649551391601562,5.0,,,,,0.05
pcmci,synth,x_cause_y,1,1,0.75,0.6666666666666666,1.0,0.5,2.2209253311157227,5.0,,,,,0.05
pcmci,synth,x_cause_y,2,1,0.75,0.6666666666666666,1.0,0.5,1.6208348274230957,5.0,,,,,0.05
pcmci,synth,x_cause_y,3,1,0.75,0.6666666666666666,1.0,0.5,1.2067749500274658,5.0,,,,,0.05
pcmci,synth,x_cause_y,4,1,0.75,0.6666666666666666,1.0,0.5,1.025218486785889,5.0,,,,,0.05
pcmci,synth,x_cause_y,5,1,0.75,0.6666666666666666,1.0,0.5,0.8695924282073975,5.0,,,,,0.05
pcmci,synth,x_cause_y,6,1,0.75,0.6666666666666666,1.0,0.5,0.9701321125030518,5.0,,,,,0.05
pcmci,synth,x_cause_y,7,1,0.75,0.6666666666666666,1.0,0.5,0.713707447052002,5.0,,,,,0.05
pcmci,synth,x_cause_y,8,1,0.75,0.6666666666666666,1.0,0.5,0.7146468162536621,5.0,,,,,0.05
pcmci,synth,x_cause_y,9,1,0.75,0.6666666666666666,1.0,0.5,0.7029933929443359,5.0,,,,,0.05
pcmci,synth,x_cause_y,10,1,0.75,0.6666666666666666,1.0,0.5,0.7156269550323486,5.0,,,,,0.05
pcmci,synth,x_cause_y,20,1,0.75,0.6666666666666666,1.0,0.5,0.3447461128234863,5.0,,,,,0.05
pcmci,synth,x_cause_y,50,1,1.0,1.0,1.0,1.0,0.1745879650115966,5.0,,,,,0.05
pcmci,synth,x_cause_y,100,1,0.625,0.5,0.5,0.5,0.1779093742370605,5.0,,,,,0.05
pcmci,synth,indep,1,1,0.8,0.5,1.0,0.3333333333333333,4.099808692932129,10.0,,,,,0.05
pcmci,synth,indep,2,1,0.8,0.5,1.0,0.3333333333333333,1.2096984386444092,10.0,,,,,0.05
pcmci,synth,indep,3,1,0.8,0.5,1.0,0.3333333333333333,0.749427080154419,10.0,,,,,0.05
pcmci,synth,indep,4,1,0.8,0.5,1.0,0.3333333333333333,0.6122457981109619,10.0,,,,,0.05
pcmci,synth,indep,5,1,0.8,0.5,1.0,0.3333333333333333,0.5164191722869873,10.0,,,,,0.05
pcmci,synth,indep,6,1,0.8,0.5,1.0,0.3333333333333333,0.4276440143585205,10.0,,,,,0.05
pcmci,synth,indep,7,1,0.7,0.4,1.0,0.25,0.4720454216003418,10.0,,,,,0.05
pcmci,synth,indep,8,1,0.7,0.4,1.0,0.25,0.4501340389251709,10.0,,,,,0.05
pcmci,synth,indep,9,1,0.7,0.4,1.0,0.25,0.4736359119415283,10.0,,,,,0.05
pcmci,synth,indep,10,1,0.7,0.4,1.0,0.25,0.4322001934051513,10.0,,,,,0.05
pcmci,synth,indep,20,1,1.0,1.0,1.0,1.0,0.324373722076416,10.0,,,,,0.05
pcmci,synth,indep,50,1,0.9,0.6666666666666666,1.0,0.5,0.3524303436279297,10.0,,,,,0.05
pcmci,synth,indep,100,1,0.9,0.6666666666666666,1.0,0.5,0.2818074226379394,10.0,,,,,0.05
pcmci,synth,x_cause_y,1,1,0.75,0.6666666666666666,1.0,0.5,6.361535310745239,10.0,,,,,0.05
pcmci,synth,x_cause_y,2,1,0.75,0.6666666666666666,1.0,0.5,3.5591344833374023,10.0,,,,,0.05
pcmci,synth,x_cause_y,3,1,0.75,0.6666666666666666,1.0,0.5,2.7101705074310303,10.0,,,,,0.05
pcmci,synth,x_cause_y,4,1,0.75,0.6666666666666666,1.0,0.5,1.978290557861328,10.0,,,,,0.05
pcmci,synth,x_cause_y,5,1,0.75,0.6666666666666666,1.0,0.5,1.7157835960388184,10.0,,,,,0.05
pcmci,synth,x_cause_y,6,1,0.75,0.6666666666666666,1.0,0.5,1.9814393520355225,10.0,,,,,0.05
pcmci,synth,x_cause_y,7,1,0.75,0.6666666666666666,1.0,0.5,1.1484637260437012,10.0,,,,,0.05
pcmci,synth,x_cause_y,8,1,0.75,0.6666666666666666,1.0,0.5,1.2084660530090332,10.0,,,,,0.05
pcmci,synth,x_cause_y,9,1,0.75,0.6666666666666666,1.0,0.5,1.1515676975250244,10.0,,,,,0.05
pcmci,synth,x_cause_y,10,1,0.75,0.6666666666666666,1.0,0.5,0.9852163791656494,10.0,,,,,0.05
pcmci,synth,x_cause_y,20,1,0.75,0.6666666666666666,1.0,0.5,0.5077965259552002,10.0,,,,,0.05
pcmci,synth,x_cause_y,50,1,0.75,0.6666666666666666,1.0,0.5,0.3801653385162353,10.0,,,,,0.05
pcmci,synth,x_cause_y,100,1,0.5,0.4,0.5,0.3333333333333333,0.3299705982208252,10.0,,,,,0.05
pcmci,synth,indep,1,1,0.8,0.5,1.0,0.3333333333333333,7.243612051010132,20.0,,,,,0.05
pcmci,synth,indep,2,1,0.8,0.5,1.0,0.3333333333333333,2.002924919128418,20.0,,,,,0.05
pcmci,synth,indep,3,1,0.8,0.5,1.0,0.3333333333333333,1.3123478889465332,20.0,,,,,0.05
pcmci,synth,indep,4,1,0.7,0.4,1.0,0.25,1.1093766689300537,20.0,,,,,0.05
pcmci,synth,indep,5,1,0.7,0.4,1.0,0.25,1.104114294052124,20.0,,,,,0.05
pcmci,synth,indep,6,1,0.7,0.4,1.0,0.25,0.9558007717132568,20.0,,,,,0.05
pcmci,synth,indep,7,1,0.7,0.4,1.0,0.25,0.996164321899414,20.0,,,,,0.05
pcmci,synth,indep,8,1,0.7,0.4,1.0,0.25,0.8302452564239502,20.0,,,,,0.05
pcmci,synth,indep,9,1,0.7,0.4,1.0,0.25,0.9114272594451904,20.0,,,,,0.05
pcmci,synth,indep,10,1,0.7,0.4,1.0,0.25,0.8142468929290771,20.0,,,,,0.05
pcmci,synth,indep,20,1,0.8,0.5,1.0,0.3333333333333333,0.7404742240905762,20.0,,,,,0.05
pcmci,synth,indep,50,1,0.9,0.6666666666666666,1.0,0.5,0.619375467300415,20.0,,,,,0.05
pcmci,synth,indep,100,1,0.9,0.6666666666666666,1.0,0.5,0.5051002502441406,20.0,,,,,0.05
pcmci,synth,x_cause_y,1,1,0.75,0.6666666666666666,1.0,0.5,19.67169833183289,20.0,,,,,0.05
pcmci,synth,x_cause_y,2,1,0.75,0.6666666666666666,1.0,0.5,7.590822458267212,20.0,,,,,0.05
pcmci,synth,x_cause_y,3,1,0.75,0.6666666666666666,1.0,0.5,5.967453956604004,20.0,,,,,0.05
pcmci,synth,x_cause_y,4,1,0.75,0.6666666666666666,1.0,0.5,3.312707901000977,20.0,,,,,0.05
pcmci,synth,x_cause_y,5,1,0.75,0.6666666666666666,1.0,0.5,2.4233195781707764,20.0,,,,,0.05
pcmci,synth,x_cause_y,6,1,0.75,0.6666666666666666,1.0,0.5,2.906548500061035,20.0,,,,,0.05
pcmci,synth,x_cause_y,7,1,0.75,0.6666666666666666,1.0,0.5,1.6710522174835205,20.0,,,,,0.05
pcmci,synth,x_cause_y,8,1,0.75,0.6666666666666666,1.0,0.5,1.7434537410736084,20.0,,,,,0.05
pcmci,synth,x_cause_y,9,1,0.75,0.6666666666666666,1.0,0.5,1.665961503982544,20.0,,,,,0.05
pcmci,synth,x_cause_y,10,1,0.75,0.6666666666666666,1.0,0.5,1.4257807731628418,20.0,,,,,0.05
pcmci,synth,x_cause_y,20,1,0.75,0.6666666666666666,1.0,0.5,0.8864326477050781,20.0,,,,,0.05
pcmci,synth,x_cause_y,50,1,0.875,0.8,1.0,0.6666666666666666,0.6957926750183105,20.0,,,,,0.05
pcmci,synth,x_cause_y,100,1,0.625,0.5,0.5,0.5,0.6178760528564453,20.0,,,,,0.05
