x,y
3.12841413863111,-0.763049451290021
3.79694287799629,-1.55550484977585
3.63697524791516,-2.86563629292433
2.7952162591519,-0.98469875398262
1.63739203683752,-1.10094689353842
0.206825560659762,-0.760082438327476
-1.20896005236368,-0.0883311658001991
-1.78153539098524,0.532398742030958
-1.27850479979113,0.571610827962327
-0.210145923614208,-0.108668222094871
0.553676129444286,-1.08331714715421
0.470047973968846,-2.10784379105019
-0.814813074822575,-2.8240876611945
-2.79866775095974,-2.95774013640194
-4.42437704018671,-2.7067609719255
-5.29421438577203,-2.75035364862739
-6.17488311537872,-3.19575322063007
-7.06317503498167,-3.6624262441708
-6.47658983029674,-4.14362901143811
-3.14759543374085,-4.93713210349795
1.8139869525436,-5.21483766676397
5.58507591620038,-3.37876668655411
6.03492715179661,0.866665310133859
3.33746561257009,5.35973415538528
-0.484037344292404,7.17818644977427
-3.45421079046401,4.92664856113342
-4.91000833061787,-0.198881037406508
-5.10466596656579,-5.65079623659958
-4.32517911868907,-9.31069413048962
-2.56351943842313,-10.1768344119593
-0.0896941586286163,-8.33787554654631
2.23614776846373,-4.92142957123117
3.32813531609591,-1.14022136800934
2.78273200977544,2.07705144462683
1.52290284896798,4.0871372268539
1.08257461713114,4.28327997367225
2.2280087392944,2.63087244726216
3.89399210109582,0.482915157445526
4.19665615182103,-0.444479049602921
2.20411942985181,0.58187914102121
-1.0981749567977,2.42427985714754
-4.08292443344842,3.05601963144377
-5.78065616042274,1.41610694322695
-5.90160537731595,-2.09536330668751
-4.63834940211051,-5.84160509555785
-2.39245488164205,-8.39506874884687
0.598082670749073,-8.7490845555713
3.96660898479125,-6.81701342221604
6.89941909232379,-3.11423222626553
8.32837754934767,1.38461330772174
7.89148190918725,5.87410861390661
6.45789488270854,9.27860229696968
5.48134854507168,10.582191339938
6.27172028929722,9.42196651681128
8.89008777982338,6.73563498804103
12.2022172585002,4.50262704472415
14.2429551425545,4.49810529106832
13.6015179322166,6.930285415082
9.95038134908553,10.3232300172482
4.32532205819607,12.3592099662752
-1.65556271440285,11.6357173889938
-6.14347353354806,8.12717828041583
-7.87028226643211,3.09599490412848
-6.69599880627355,-2.21494447637014
-3.76715282218686,-6.45926417965055
-0.931480158196213,-8.40996640242527
0.476041143020379,-7.52354445586925
-0.0469560510907352,-4.58381030591666
-2.33829011557682,-1.51559092520949
-5.40799431560732,-0.058791791725786
-7.66968272558706,-0.959473663622307
-7.37152085417882,-3.8606557996092
-4.06569851205406,-7.26477384774881
0.767952330866927,-9.26622235575339
4.90681703183388,-8.65963094344545
7.16657118773576,-5.84235805420033
8.12011111335486,-2.42410101897525
8.70757070361191,0.233214742697569
9.07894770491114,2.1293972684108
8.63220908951918,4.06391725415037
6.92878442886393,5.99822457350971
4.07965234453517,7.11203674918829
0.736687090614571,6.73024918268631
-2.27583471939997,4.96297862290565
-4.55800795709721,2.20008503842338
-6.26156185599839,-0.804323560207118
-7.40925530691564,-3.02748946527071
-7.33965853448877,-4.05283958155282
-5.65834921968123,-4.53615495502784
-2.93589637780065,-5.11602096937776
-0.1775948610794,-5.10756209379882
1.79759161685964,-3.45699596750655
2.83467247514153,-0.446675144791374
3.36580283270233,2.50897115238994
4.02898092983046,4.01688766697333
5.00901049809281,3.93843908934959
5.86190944744652,3.19142102767936
5.82416618397488,2.87034781836466
4.56111642036337,3.27529616212059
2.1502483700801,4.07814778646258
-1.0101732878489,4.30789857694633
-4.2629101597394,3.32980410771545
-6.55745948164656,1.31267601137905
-6.68455451957974,-1.01267643513326
-4.38230669280999,-3.05113167953563
-0.670816881136224,-4.05877190050091
2.8298192682826,-3.48667749139281
4.57988247213902,-1.57844330404621
3.88809433830363,0.39439396386151
1.37710026542914,1.60375132255269
-1.36852114668906,1.50528413361046
-2.87404481557833,-0.38670638860353
-2.97035573757935,-3.79780020847212
-2.47901253822616,-7.08033458268265
-2.04341961668175,-8.48271152041355
-2.00772781650493,-7.8106582030582
-2.36653381552551,-6.1498417313849
-2.79283289993357,-4.8404370129085
-2.26869612224766,-4.56513031676274
0.175313840370247,-5.01082344463331
4.07887535372112,-5.12919299692211
6.74450232623994,-3.78680234671965
5.49988676182554,-0.722438133413801
0.910245342565097,2.91310754591018
-3.33232174030028,4.72534376377955
-4.00477035994995,3.02921862871644
-1.47055786164671,-0.765411294784532
1.73313232615236,-2.87913729175356
4.08777415660136,-1.20164785720062
5.48544170991737,3.03773507589901
5.68067557142301,6.93111626515525
4.00723465390536,8.81834395659695
0.548450081415082,8.63554668195798
-3.32566414716802,6.82958467499604
-5.70110023358828,3.65552927180982
-5.94112839300763,-0.297480363980181
-4.80674273357281,-3.66943910805571
-3.91178147223412,-4.99983541934818
-4.40695377932811,-3.80212680769045
-5.95741068295014,-1.39093987624149
-6.67984790530809,0.0100301389955506
-4.63082843978416,-1.05400904549125
-0.304032504713193,-3.43805381876769
3.62888278128405,-4.35920896151643
4.71258728248341,-2.0594231277113
2.72478869386874,1.98022609374682
-0.604115037610271,4.90004553681276
-3.3299494671116,4.96263297718654
-4.49150575044901,2.34062412639411
-4.50664084721228,-1.79042341331591
-4.0527970229031,-5.44954531635956
-2.74668297491402,-7.24035933597689
0.0436410022042676,-7.47155452650708
3.85647712078374,-7.06493620679523
7.19439585549439,-5.60434858340635
9.27427291730002,-2.24937939991394
10.0715522407146,2.53309815831809
9.49109736371236,7.00715500845442
7.30988052762086,9.93560307113583
4.40154662811052,10.7370235179766
2.47468667448469,9.08317027966062
2.27947749968637,5.36145901675414
2.6156252829776,1.41056672733225
1.79539688832157,-0.679215393247676
-0.634042749877456,-0.724228249818454
-3.83719438727212,-0.224334763794782
-6.71302474813411,-0.487079247927606
-8.26878062871698,-1.96381760214628
-8.04759893236292,-4.57856046793396
-6.63204837611007,-7.72681468196948
-5.11941182385631,-10.1194603324331
-4.02455554087649,-10.7254190182328
-2.94115318626282,-9.53931498769379
-1.45617644882366,-7.18447420225453
-0.0282515974319175,-4.23516296424187
0.416392124473094,-1.24642698613904
-0.408244794894384,1.37068435230068
-1.71715764367154,3.06281778675343
-2.16618150955863,3.15079545625771
-0.90490954743591,1.53178675720182
1.74465415187333,-0.500602598808535
4.35062501160104,-1.02654511427403
5.70754243565394,0.801395663027297
5.59943225432031,3.8937835732411
3.93619671903293,6.24434267618643
0.856702436352345,7.14573151759472
-2.52870783262211,7.08105821606745
-4.46553513723585,5.89547216269164
-4.39496616067395,3.27465446251166
-3.06724168527647,0.262291716729671
-1.08016667624977,-1.20143889747409
1.07094300709369,-0.554463308381302
2.17939661681809,1.16369561844455
1.1753557441574,3.01504086303351
-1.36068099930585,4.11977928190413
-3.12031866114625,3.38967833534732
-2.36268637374947,0.56601441109264
1.00144791010679,-2.94896085120004
5.0234550671092,-4.83485688964992
7.56194501427475,-3.79456508701964
7.75725935479938,-0.18605487267446
6.59533611211304,3.94513834995228
5.5826088113014,6.12021118439644
5.16949914164127,5.63423509286298
5.04799770267342,3.75460284684939
5.37527643183471,2.10681446811898
6.41414744401544,1.48337489280233
8.28593289220525,1.88408727472642
10.7114979167445,3.35438246662994
12.9186725623787,5.35204544386465
13.4962248660482,7.43829830637233
11.5759300496514,9.66817111584565
8.26779724360431,12.0452710946991
5.66082045250987,13.0988101338864
4.06873326703527,11.4856187685178
2.67190957609065,8.4216079110478
1.38184653319609,6.49573149950997
1.60568480849052,6.23896652456827
3.91066936531279,6.23753196137437
6.52040226845704,5.87071721202741
7.07844204312767,6.14822043018277
4.65674262000193,7.39729477384577
0.709301332423334,8.29388035546016
-2.02547908980025,7.10011149860499
-2.22580162039027,3.61829922076617
-1.40286897038177,-0.443184656813956
-2.31993602005677,-2.62348724776834
-5.44015355473663,-2.14216885715186
-8.41439466728091,-0.947904282139201
-8.94760440456498,-1.38613553783244
-6.62117547188317,-3.6029172947431
-2.32622124020819,-5.37013661031474
2.43862821297588,-5.04616025182372
5.84790306711027,-2.65324551442449
6.66525067889187,0.799659351860588
5.36883571081992,4.13860351013545
3.33816500916829,5.98275559461296
1.44541923305571,5.48498523274852
-0.0355589944270964,3.34541737784466
-0.888372425496503,0.978262781270367
-1.04891232241517,-0.603861302222867
-1.01725440971384,-0.640415747485015
-1.17218858543449,0.852133462084377
-1.8350054701682,2.76825779097901
-2.94803921585401,3.28016280678977
-4.08159595545145,2.10141182029353
-4.6664368289388,0.128919609152851
-4.92426494632082,-1.57263378357394
-5.23445030010541,-2.46870524356039
-5.50689178277097,-2.80055171142922
-5.9663064510686,-3.67182673847576
-7.05715635483642,-5.62089772128871
-8.65415655635917,-7.51267892379914
-9.72051530622818,-8.32145618237626
-9.3124603334265,-8.53088679448858
-7.19435116626426,-9.18020232373429
-4.31592272979732,-10.1506000586548
-2.44098209827039,-10.0002191820258
-2.26256046643715,-7.76635495555336
-2.53474904907172,-4.66700653684768
-1.2302078276981,-3.32860486474432
2.04855352039214,-4.48597933975203
5.65623981782359,-5.74957044455669
7.21685951721715,-4.17962842403392
5.52747753248372,0.146133091029558
1.38442883133948,4.45067086296665
-3.04212774410847,5.87268601277254
-6.03590671905772,3.70163795649525
-7.12572865647397,-0.83667252830609
-7.10819956842521,-5.59218874751956
-6.92464720929497,-8.96941644372317
-6.91559939846256,-10.5421996916703
-6.29851830841875,-11.0229485711292
-4.72307457846206,-11.2022266780328
-2.9311988778684,-10.9485191472979
-1.85972268971319,-9.61328652197292
-1.13524852134029,-7.84161827790192
-0.325807434725794,-7.05864076589491
-0.0125763774859893,-7.86888771417925
-0.8244442656248,-8.70664920398545
-1.98334048406943,-8.2585992877239
-2.13774989102454,-6.56789311867624
-0.943298725535686,-4.45387630162527
1.12031200727642,-1.94721156783381
2.96698434513558,0.886746753517247
3.47376375024048,3.23059283507449
2.06807254878626,4.30119067604163
-0.777916057521826,4.06267492213046
-3.7162515552881,2.76345138680143
-5.38922467403577,0.533900099550532
-5.42682530280529,-2.29778322064042
-4.61979677860413,-4.57853072449206
-3.87110025827971,-5.02249603069035
-3.33528105320013,-3.60688789304309
-2.64598301896549,-1.62743801416197
-1.51004132481779,-0.0009765256411418
0.377740846788955,1.27520646428876
3.28222269618671,2.44412662775378
7.12189298100883,3.47747223323608
11.1531042805695,4.65122288466822
14.3370349576978,6.15934690805543
15.6224901964019,8.33086620841013
14.8873281151717,11.1005971253757
12.9390430125648,13.7345941396488
10.6765635711573,14.7814188210597
8.18242056745344,13.6558145561375
5.37177144928315,11.1876924837966
2.61324742400394,8.47854892636408
0.726475758258069,5.59401570229917
-0.182242183650458,2.6082128988691
-0.516323799466045,0.236466611285316
-0.923226647140129,-0.641840271362579
-1.20834831608515,-0.525310429713891
-0.428935669058289,-0.758570021901324
1.5512931391208,-1.83400074553309
3.07207126203196,-2.28179453907557
1.97088863441291,-0.387677679625443
-2.07805948404757,3.10685165450365
-7.0300142340615,5.11563325726746
-10.3606946620158,2.91072249348407
-10.863969940181,-3.13425273158416
-9.30039633548429,-9.9657072610771
-7.14110679848413,-14.2941502235295
-5.16376278459397,-14.794743062763
-2.92221644017999,-12.5676670966016
0.0673580123869977,-9.84018336619706
3.27593730884055,-7.47852688902996
5.52894653255345,-4.93751895019934
6.19049938399489,-1.58693465304468
5.99898820771791,1.73792259281939
5.90237872165022,3.57446398912317
6.08006935085434,3.49786136257418
5.86288625861202,2.52995377166118
4.53487070840405,1.90507052814427
1.59574474677293,2.22148823323381
-2.25616083177625,3.16634096351118
-4.97528919312615,3.66859574758701
-5.3299050282305,2.41678792100709
-4.38062555831338,-0.393534646410188
-4.53576074166911,-2.76293930583907
-6.57609281630264,-3.3354364862584
-9.09813315386077,-3.24099464832344
-10.2387873759303,-5.14245985362534
-8.99207003790263,-9.4304276723969
-5.65728391232903,-13.7789939520563
-1.61564628117285,-15.4570257488419
1.49057253948575,-13.9517318786207
2.84889663734931,-11.1021639634636
2.7940092442788,-8.65107961855364
1.29008165564288,-7.03238133662123
-1.74859351842626,-5.51027326746545
-5.30448233472874,-3.74215118088479
-7.22599938009614,-2.91894555152431
-6.22303758669937,-4.12982635479299
-3.3936045833981,-6.1996041839879
-0.237683468786975,-6.52462017254496
2.53188977909451,-4.27607366555616
4.18256632902944,-1.13730301143609
3.69181857244808,1.50046517236844
1.27469276269129,3.74591636179648
-1.23727509298906,5.44775018936727
-2.14358212201213,5.17049013143599
-1.33031869803909,2.51860388430747
0.148362708936565,-0.725949235752418
0.875600881986894,-2.47229519678416
0.438508457629859,-2.32172801784546
0.457354352366535,-1.37061453216747
2.45322038258527,-1.0554491272884
5.29201182011847,-1.27361175048911
5.56108955440471,-0.319733452561373
1.80502234775697,2.95628049297817
-3.6025226547225,6.60045687457686
-6.842889678605,7.0963581808761
-5.69099080803124,3.13661436525815
-1.31836162892729,-2.48884328885742
2.91299441847233,-5.75026747507814
4.20757082835549,-4.46206019053935
2.6885413945171,0.0630176659646145
0.865144195753571,4.35847264994558
0.367955793432297,5.60975321368677
0.566704465211773,3.69891648739669
-0.224698417127931,0.921782871534724
-2.15022732120213,-0.820443772487641
-3.82698896886442,-1.54614619114827
-3.96550068708431,-2.07449356602039
-2.48961443508988,-2.66607572781565
-0.275317027733076,-2.72308650429296
1.73080567947235,-1.9898834820264
2.81771860121125,-0.49509964559516
2.76228800353883,1.71275868022018
2.14986758210089,4.42742764464517
1.92044818656854,6.80331244740947
2.11351721533177,7.9090426373604
1.53028061289245,7.80371919886272
-0.150257853309922,7.37720263348137
-1.64548618433147,6.89473094392001
-1.44748377534701,5.65060074422828
0.562123635361776,3.38845443491083
3.37598016919468,1.26034395652971
5.57648906006,0.850943712510129
5.69783916370675,2.71356080893736
3.51646522839402,6.09150977659645
0.535815413339578,8.8152321516324
-1.36943174900879,8.92492872864687
-1.70670493059394,6.46928390176486
-0.884479878565936,3.41190775615519
0.463872737366136,1.22886586540294
1.3767766981241,0.232774733480672
0.573146670424022,0.727631992857182
-1.96478948194322,2.49961320564446
-4.59708006028035,3.84368020949216
-5.59585613287367,2.49301534616287
-4.40984060233588,-1.3993971424438
-1.66373410275021,-5.15495146251278
1.29117211563146,-6.43573232753798
2.86837431125074,-4.70870197360928
2.77893868652269,-0.971977920949245
2.02001570275342,2.88889778661746
1.41905726098792,5.07988779538466
0.649146895127726,5.34443365035622
-0.6229879326254,4.9936479439574
-1.78030450916706,4.64086475921276
-1.73234709991978,3.74057864903803
-0.409958570865085,2.04727820396066
1.50380144976823,0.340431243565493
2.7412021591443,-0.556910106275224
2.78142366424462,-0.575282831494355
2.31563903412434,-0.0124670907631077
2.34406849131409,0.444628015173166
2.15590069424499,0.397824915942976
0.10175142672647,0.037922848517066
-4.06298519849349,-0.222712929377994
-7.93458982489527,-1.16607594743319
-8.95999105207168,-4.10590200242512
-7.25809457612195,-8.62996152629129
-5.02048701270721,-12.1796250804648
-3.51929471247091,-12.2139495075484
-1.85464028949255,-9.01645034482797
0.637705362158287,-5.19532309310136
2.78314568758121,-2.52191817155263
3.38753817069526,-0.794790404396967
2.44214270405119,0.549389835461448
0.622318809508081,1.17587193715743
-1.66554629674195,0.74540794266137
-3.5883196922356,-0.481535067872795
-3.98952910898897,-2.23389547505618
-2.52919538073227,-4.09438388755287
0.254155056196905,-5.13026955158442
3.47615523489659,-4.38896560324782
6.63301175219803,-2.15950324605916
8.96127371122382,0.727848256153575
9.43012752603792,3.63715405190795
7.48289066092159,6.62035690290301
3.85333330360514,9.29431013698297
0.499267708980746,10.366295649379
-0.794367534435099,8.53313901221009
0.169947489855918,4.18829945242969
2.33926430435965,-0.205909462144604
4.60265811988222,-2.19505622167793
6.42109765579058,-0.983924899463727
7.7372891110535,2.42187968427028
8.99414567080201,6.2252412271421
10.4574111836806,8.98767150986329
11.4755414276706,10.1119962148481
10.9632554510071,10.6477997168967
8.66593167312076,11.6171219098285
5.73844243064331,12.6363649554699
3.5538954518932,12.5185879214085
2.58983335269057,10.9169259636205
1.99671258920929,8.80424822005672
0.725776741636083,7.13860239765902
-1.04701490207908,5.77952320695199
-1.85547355678651,3.83458804755216
-1.00146839813221,0.952033837746169
0.607105504426739,-1.96803167623963
1.30475749535075,-3.44329575457312
0.239590503220252,-2.92510660687876
-2.44184125334792,-1.2977291551242
-5.59652953300187,-0.330109882185744
-7.78193668780305,-1.23768209860992
-7.88802789329932,-3.88604392993034
-5.93326827451403,-6.65842942313522
-2.9865392034286,-7.76813385385823
-0.0885228140249343,-6.49341441308233
2.55434000352203,-3.83061646840061
4.92417500050329,-1.15705288181658
6.89745933156891,0.811089144780297
7.76096413637595,2.77001569275767
6.87511651996828,5.46023016224145
4.39314364249606,8.22894444176469
1.87914719126995,9.18348850171376
1.35448107182468,6.89771620148891
3.33018170918269,2.3136406581787
5.7520120627845,-1.22752374014594
6.03457504730939,-0.788580873798877
3.91372985388286,3.4242457274034
1.01453126408552,7.9628188688704
-1.69259804452249,9.45765469583931
-4.60512883131927,7.14726660638289
-7.76358998419473,2.38469846164292
-10.3049133927818,-3.58617440858127
-11.273010574591,-9.71653457143839
-10.6441869214791,-14.4246307132752
-8.4410061513226,-16.5057477488074
-4.77910873960941,-15.7351012378168
-0.25776699258645,-12.8487601262704
3.49534557012387,-8.54093946179754
4.97318691540645,-3.33701376279575
4.11177587136032,1.99486875996702
2.18409408979056,5.96907156553783
0.485974798542669,7.38038748834513
-0.430386961993759,6.7291337183091
-0.875261634564535,5.47022238533993
-1.25917984264526,4.92911155708142
-1.62740469685767,4.96153861693435
-1.45065834820803,4.1617876107398
-0.0565562445855042,1.81596156914042
2.31321821743474,-1.11253862781698
4.40825578647321,-2.70771179249039
4.53394722617636,-1.95277127934425
2.53210737080067,0.4346638084093
0.395098854983427,2.56736160212036
0.138491664283217,2.44169540389655
1.49495929979478,0.243256754266973
2.97563420864559,-1.45860628335615
4.19029837823597,-0.750699477957723
5.82950668313883,1.31964162946553
7.46922257932261,2.57351144710593
7.85989382372465,3.05875891652555
6.51746876538228,4.05721134615137
4.66667166862206,5.19016444092406
3.43967301573765,5.10650120469148
3.03163957297182,3.65504441296646
3.00412551958332,2.12786934470337
2.59091005862822,1.58705131986499
1.60378947075807,2.02030190193634
0.91160537881699,2.67360901227973
1.56746565103685,2.51320328746622
2.9038372713161,1.46985384519787
2.80446552355628,0.987459649847562
0.535766579330462,1.64524967886121
-2.38406746608302,1.81011284606276
-4.10079240574715,-0.683773629828292
-4.4296664333558,-5.02223224772483
-4.26367312155572,-8.33031578970521
-4.28303068782113,-8.76734148273559
-4.41611542587421,-7.25758259088675
-4.42138413931944,-5.68835738571593
-4.45847397670746,-5.32696724830102
-5.12669263527743,-5.84713304358167
-6.19838903360953,-6.38677585535576
-6.30473752011059,-6.36860771723185
-4.21262969443987,-6.21475445169108
-0.882763414010519,-6.31340558894269
1.73197130925671,-6.00492120301047
2.86156229144847,-4.16928840495027
3.504595522101,-0.894846250746211
4.20057636872282,2.50915274041177
4.15018316985083,4.82321948627806
2.68008771543925,5.82474896906333
0.719525005070726,5.12270824088926
-0.275350864018811,2.53057149430506
0.0854602601790639,-0.88247024019187
1.02979115297846,-2.80601465827683
1.5618049463613,-2.21100790094389
1.16226100513373,-0.0876301572904226
0.629627965520184,1.83575496991254
1.59786817263676,2.63741984587504
4.51054038662317,2.35319996661149
7.3238778676807,2.23567558917278
7.93583416031204,4.00860620306513
6.43230369051599,7.5282012994281
4.32936481519751,10.2497108055681
2.07939337172063,10.2249308671205
-0.746613313489653,8.03893880954864
-4.17915962151641,5.27587464013156
-7.23670309983382,2.50298614913751
-8.62230482806364,-0.459546899491367
-7.63758024149478,-3.74738646292362
-5.3684341201698,-6.83345540491944
-4.30942608284485,-8.85306771599958
-6.30441300793398,-8.79334235501841
-10.399955557922,-7.2823921535977
-13.8897517098,-6.52767171341964
-14.7653324172355,-8.51919422265097
-13.6268167956136,-12.5127536610761
-12.5224147869991,-15.6620345637178
-12.1945961853322,-15.9513620942951
-11.4039743931895,-13.9581886288957
-9.02024406583836,-11.7399913058758
-5.75865572953049,-9.83523790680889
-3.20142828674505,-7.04855235182202
-1.90015675873483,-2.83383396576634
-1.53130890076112,1.29737851125814
-1.84769967691865,3.54401300717347
-2.64289820768861,3.69593872517239
-3.4507784611635,2.44104614299613
-3.85701203602013,0.677637367005058
-3.92035084174828,-0.779324731517258
-3.7998330019448,-0.916219155714284
-3.40838804795036,0.480731477804953
-2.36502458990135,2.24995418497918
-0.760550609498832,3.00354455264297
0.569775629970447,2.43404563824736
0.9787506898771,1.6594898527818
0.461450941864443,1.64760670114753
-0.501973320816982,2.11048805980818
-1.50417634092551,2.02846278280335
-2.3807834166782,0.644039474467701
-3.0091126428153,-1.68073865131768
-3.12967368488485,-3.98023343850885
-2.14423592624505,-5.39126017660424
0.397719866102277,-5.87011110717204
4.00914101450614,-5.48731632248071
7.15257067240786,-3.93959511648704
8.13798823163383,-0.644192245886564
6.70636425265017,3.80735967328644
4.08992911573,7.33407423377382
1.93693654100573,7.77023307754259
0.687313999231816,5.02950153732698
-0.344000856909644,1.39408202279763
-1.62759350734325,-0.72252294020941
-2.57514257975399,-0.889333713969716
-2.67603901744368,-0.476291339250844
-2.49291991826341,-0.531866176817015
-2.76464678775717,-0.571528584580257
-3.28566905305828,-0.0950997688085167
-3.42202102842738,0.280383956265661
-2.91178429813896,-0.156576664702276
-1.69007118503963,-0.964628441378046
0.42789058810144,-1.42301869465314
2.89725746274205,-1.43038653535401
4.35793044639271,-0.993299947180072
4.45597675940078,0.384601477231566
4.18941433772514,2.59835866235756
4.28542517398347,4.25663673096266
4.22246855303105,4.40047652376904
3.91773031865299,3.45993131435782
4.29253379944832,2.64328607294438
6.16990873493982,2.36649747644206
8.95652595141808,2.59875786696326
11.0988249739926,3.58388443963866
11.2584106846773,5.42486255772483
9.55862337518478,7.50641529895386
7.37504132119814,8.67840653829542
5.5881208555204,7.9435958925086
3.51800106661374,5.81831268777477
0.383128666127698,3.75531474033773
-3.05284943075577,2.44834318155921
-4.91709522436374,0.888736505200364
-4.68501598815474,-1.9454222269401
-3.2894812167938,-5.35609504403687
-1.60246702541675,-7.44111633480305
0.620023896234425,-7.49038745424204
3.17635615075757,-5.99059380182221
4.30259595134325,-3.59101114117166
2.30654202891569,-0.0557048584630535
-2.12781389887922,3.77461186875534
-5.8124687520793,5.273674230716
-6.47682693769566,2.33666018540095
-5.14841823807244,-3.49237547611441
-4.67015219681847,-7.99462216051427
-5.91303297552673,-8.60330475200263
-7.03483745132576,-7.11518564446329
-6.31614305682047,-6.52820933248864
-4.30738215861284,-7.55462347439498
-2.2890720693579,-8.23904766777941
-0.55467148199278,-7.19226227002486
0.939646722430495,-4.73969784260431
1.58608835675727,-1.87843580072109
0.845330963628001,0.503869489430133
-0.80349152366436,1.66882474119865
-2.3627222355169,0.97956696539859
-2.95600586552344,-1.20316416263702
-2.23035032508229,-3.80698001055181
-0.291615487830254,-5.7937270045049
2.29830842748545,-6.13065671203234
4.93711860502071,-4.27133504356522
6.85598408319537,-0.458577192742213
7.38325799228317,3.99001883732743
6.24136030807625,7.77830622936846
3.74367643985451,9.957478630498
0.746280161822898,10.1787970377836
-1.86892044747639,8.46085082399842
-3.38392286534868,5.33958205533583
-3.36843470839988,1.85962311873457
-2.1706199771975,-0.915272452279562
-0.694639723526114,-2.29827217427404
-0.0660917356687833,-2.37986589385126
-0.798194557378678,-1.9989631620404
-2.94901515968777,-2.18521577535384
-5.61154287935127,-3.18740722257679
-6.89703912263672,-4.51293160694773
-5.75164632035546,-5.50879304230937
-2.79328437615713,-5.46801816520352
0.165682625052325,-3.76477146390732
2.10583428655175,-0.952676174214887
3.01154517990437,1.40740383984588
3.22077463382195,2.1900806192472
2.90578004033235,2.01277991700811
1.93422708763988,1.91847649082363
-0.0140219315544047,2.16475041210767
-2.86082681616606,2.27746437292015
-6.17237259456408,1.54551400768098
-8.76498922609465,-0.291129135702405
-9.26473441962936,-2.85651078071189
-7.2081823949457,-5.52763389979388
-3.59955067685652,-7.25316614998592
-0.337148701857329,-6.87440012847226
1.44285779160511,-4.05903150179229
1.78703900020822,-0.0856866190343983
1.44539681109775,3.03544950834249
0.941018426346454,4.6525853198934
0.435205412308729,5.39916559751132
-0.0267525642448363,6.09758068116571
-0.384687829705199,6.77541261751875
-0.616995488282259,6.73206594997451
-0.852156482651845,5.68381197688437
-1.05205595256744,4.02749351643961
-1.05333115253909,2.4121352256018
-0.947107592911789,1.21084701803921
-1.63654704992143,0.16549848302217
-3.60711554546833,-0.995797821442868
-6.11157195055982,-2.47875975315499
-7.44477568774171,-4.25559905479485
-6.38507896632422,-5.83702697884416
-3.08056414182116,-6.65905905672186
0.916858476243146,-6.2568402706958
3.77455600094409,-4.61650603877955
4.93523969140104,-2.16387466509886
5.29215989288472,0.172166268745714
5.6496979685922,1.56265986733027
5.79366875875757,2.3612855158878
5.02569958262767,3.85477455412766
3.43842370982021,6.27877009071888
2.17342614656859,8.35366097005933
2.28428485342596,8.56849983672947
3.81858923570843,7.11234028234921
5.93621040008848,5.87729543479968
7.68090727799232,6.11935243669229
8.4462917153703,7.79373155486203
7.9544739877436,10.0456997600419
6.36942215888421,12.1739169517242
3.74299680007222,13.5326551617115
0.216326612567052,13.3483398751981
-3.08764515565682,11.0418959233957
-4.56705272349547,6.33415130224295
-3.42069218036557,0.158325490069688
-0.593515419548505,-4.92913189831453
2.57865054686384,-6.60968616856934
5.53537812208822,-4.72604195053308
7.81966865573981,-1.32701138578266
8.22229883216242,1.98265576190801
5.98876820062775,4.80347946313535
2.52457642320673,6.68797185384981
0.549612347569555,6.31315819693188
1.3435939511864,3.23500280026278
3.76380314903456,-0.273341304882035
6.12578374312845,-1.15186082051425
6.89878752543708,0.962542251568249
4.91767066854105,3.99088221487913
0.314255669265174,6.1816877798017
-4.31246861695115,6.67165394108436
-5.9200325120041,4.65172065157695
-4.23549186970997,0.490400427182703
-1.80105992087174,-3.22595793388789
-1.01511406863963,-3.87016075657112
-2.29999668686809,-1.76961743190369
-4.14419562865718,0.368002564084353
-4.84093363864283,0.310021396671227
-3.83757138746521,-2.09138566747713
-1.97346704484492,-4.99639452307507
-0.273379149058849,-6.29445108059366
0.410734523463532,-4.80493228313748
-0.566393734880997,-1.26900147545153
-3.08943127169181,2.51951273488507
-5.99251494188219,4.67981082102857
-8.25555883957198,3.8997311915594
-9.96273809921224,0.514655619587767
-11.3984361118127,-3.67269400873201
-11.3121507128093,-7.0971646981012
-8.36300315380644,-9.59207038291289
-3.33604801038036,-11.3646901963331
0.943636811866685,-11.1793125571262
2.23668215902153,-7.50308452461987
0.968463941161508,-0.931763199207007
-0.465045197887384,5.48667950012115
-0.443901816377129,8.73510462611068
0.544528217337319,8.38262720815422
0.829276916119445,6.32663867603305
-0.203105428877706,4.50878562164359
-1.71227500216277,3.19343795830565
-2.87662294957979,1.48056486640167
-3.74278665695769,-0.726933210477266
-4.74981943038649,-2.64511076728942
-5.64625627635713,-3.78688924438188
-5.51797782672016,-4.73619950883685
-4.15582179510378,-6.08755295776672
-2.7694543979437,-7.36588276850576
-2.96941954166181,-7.22734241125787
-4.79041440063797,-5.59840219205038
-6.49486786467772,-4.3763045872799
-6.64742763292568,-5.33023462513732
-5.40883546443004,-7.51070787903838
-3.8403410411217,-8.5444793153016
-2.94565605796129,-7.57556163115767
-2.69786012922419,-5.65864935677484
-2.1988044454993,-4.05447314141914
-0.816884691786599,-3.26287165066383
0.729197897128456,-2.91497035698452
1.59995119710176,-2.15744836953915
2.07592986991917,-0.533750073554718
2.86558149235548,1.1315792724155
3.5529844855007,1.92866051164006
3.11468627689509,2.28810713313839
0.916347664783218,2.99546029488691
-2.76038352823241,3.52989804578518
-6.869100967512,2.49902233079915
-9.5679748490442,-0.748286109834021
-9.01491606025398,-5.49214203469078
-5.02804855537097,-9.97756103793713
0.128921863145203,-12.1458738810863
3.55294703951167,-10.6463835044625
3.87499131997073,-6.0520938460561
2.26506937219939,-0.761309350517508
0.743360173817352,2.54686930088493
-0.0161824016704729,2.81215314510809
-1.02821025663888,1.2446519671251
-2.66834157789144,-0.33332517293307
-3.4319706103396,-1.54501736558468
-2.38280209941445,-3.23694381149112
-0.850242600598996,-4.71712728414609
-0.577489761655031,-3.96352123026707
-1.49497904508602,-1.15703114299669
-2.99430811067692,1.07389118728836
-5.00190779165215,1.15907153318663
-7.50834574250279,0.244280277022441
-9.23869826553472,-0.554181913544113
-8.68742862544826,-1.56630964453786
-5.56461119728269,-3.49241149442509
-1.41441440396999,-5.4958145103965
1.68754635320444,-6.09798265081454
2.87376167681947,-4.29704213609454
2.98568854615232,-1.05589925523662
3.10369164004908,1.34872020746303
3.45077003815532,1.74287021887925
3.56125880530341,1.27916101521732
3.44536798104829,1.58106398886645
3.3983831379631,2.79970438227006
4.23251201316971,3.68440713349135
6.29733844721434,3.71860820282454
9.20453217600151,3.5274695275351
11.6599142442992,4.56960621336457
12.0938520503742,7.29307942571215
9.58534435207581,10.5680602202246
5.00227953661571,12.2296523669022
0.99110446121833,10.7225598383712
-0.404660301010318,6.23609162468177
0.518808792081239,1.52833006365218
1.98672735806128,-0.143910448152859
2.83371050885085,2.04152379294895
2.76868543728302,5.71638384147533
1.53883815870976,8.02856710787333
-1.30710946140994,8.08351723796982
-5.56138540432082,6.4411949047403
-9.65329282062694,3.65562756090493
-11.6196073649888,-0.429289924848564
-10.7656928903741,-5.57625632554634
-8.35501898371736,-10.1968457826941
-6.5309365175301,-12.2473970977279
-6.47950778593953,-10.8539667571833
-7.64872276843743,-7.36380841515325
-8.47015002806492,-4.43119215835478
-7.63626682231844,-3.63402219905328
-5.43255977954108,-4.57989034387112
-3.63274941222093,-5.66554963827508
-3.49906100261033,-5.90423498411554
-4.20028322488203,-5.46023110770614
-4.28272042462824,-5.13150779086894
-3.76675698511657,-5.23758443141099
-3.65762525263922,-5.04454805924052
-4.25390400087993,-4.31796505400645
-4.76117292190788,-4.09819073368959
-4.08485298240892,-5.03637286191604
-1.65973371777003,-6.18659664851137
1.89559982786582,-6.26749391973576
4.75911520515474,-4.55399880443775
5.30554713607067,-1.15319256153132
3.36904430673442,2.70974985785656
-0.111712183416774,4.9905530589247
-3.7908249274991,4.56289590695309
-6.66837731123588,1.74023429103366
-8.21151361509543,-2.21566452032615
-8.58286798777697,-5.7659393616553
-7.97874243162341,-7.75172486381679
-6.70207263711983,-7.72559736622006
-5.0120436100982,-6.26594945463889
-3.09817572031879,-4.37462260615026
-1.06772176406669,-3.19253858656028
0.5215309469636,-3.11997403600469
0.954209576672042,-3.3331262687571
-0.254603331451063,-2.96523400614589
-2.74381134232841,-2.20202029085479
-5.28935493827941,-2.01866780943011
-6.21838658967472,-2.81308564412066
-4.98404402998352,-4.14380293189651
-2.68721825838681,-5.17284721597297
-1.84684244098924,-5.01032515131032
-3.84261655828519,-3.6332896206972
-7.28832347815333,-2.38872347560205
-9.28868666484419,-3.3792431762762
-8.42805441637751,-7.10113139890914
-6.28815568902361,-11.1527056210676
-5.10746952571866,-12.1502037713661
-5.57320215396518,-9.317159060391
-6.7960910208404,-5.3211832333131
-7.68446325071395,-2.99433094918526
-7.61776343809729,-3.1776831170676
-6.74803880000628,-4.93998595739777
-5.72143475682916,-6.71617786778672
-4.9754497951522,-7.09160715061468
-4.42652566728829,-5.74222647926907
-4.00525684987969,-3.61022336501062
-3.36434452390114,-1.84332337846365
-1.71172375453064,-0.822715336688512
1.55447274154135,-0.190098337600983
5.77989878210285,1.19559986832291
9.70109310846871,4.13234307345319
12.1711329697743,7.96232969052901
12.5098503299831,11.0859065006768
10.5901243730499,12.7132559876686
7.44018100883526,13.0479509587347
4.73650928640084,12.2152517922038
3.49825936776367,10.1339547395132
3.60627067492383,7.42652540097686
4.36361248961466,4.88842605531039
5.08021743136234,2.91143267636239
5.48497844027067,1.67464895246194
5.72089618747757,1.65787335698015
6.08178294250629,2.9717535507785
6.3879860265015,5.13806157370678
6.02050762072536,7.33873187221783
4.59185050287282,9.00667188692608
2.8991162085705,10.0635043289281
2.42944690409046,10.2339494367404
3.67498829407159,9.16449510377578
5.25861073145194,7.47550715593222
5.64785699692434,6.59822803070178
4.5125518085266,7.14665367213486
2.26770557986041,8.22292358773649
-0.651656253187384,8.64617958983409
-3.48140683547283,7.91547263688511
-5.03473574536409,5.95626592768823
-4.50815851905021,3.15275963735775
-1.84418946487661,0.390748922225232
1.70760349833206,-1.16008583327882
3.95643925248541,-0.899208038807394
3.89575902428072,0.883841844396844
3.09281348212299,2.70229539765842
3.67493652925811,3.04738085593668
5.71129897238315,2.33127162436854
7.56705988967162,2.59687963047745
7.88901257180269,4.69154702254255
6.40188195949731,7.20318198720848
3.70598865405551,8.4283560905544
0.706685424983182,8.07992251215228
-1.92069159993475,6.59685395581939
-3.72723099221535,4.46198864547837
-4.42816937702386,1.88534241401961
-4.338037769796,-0.87274521066718
-4.20716301626683,-3.42976110992675
-4.05453501542959,-4.94685578657894
-3.33004694434574,-5.37860732548007
-1.72342947156863,-5.24123062856159
0.809110259287551,-4.51211088293043
4.10550103952162,-2.79884351293972
7.22703081393783,-0.499449680463201
8.64774483057201,1.77565062220158
7.98368965466741,3.61678972672286
6.15448367088209,4.8155000758584
4.26775219314701,4.89458855888999
2.78679538616054,3.90792393651391
1.74177301757722,2.2490606293261
0.913091725401775,0.689265576167062
-0.27278305556731,-0.372472962689331
-1.79597082711348,-1.21496296692216
-2.98379961566472,-2.56345866445819
-3.45092969235486,-4.6210398186305
-3.53389654025734,-6.32975874589929
-3.45238347596318,-6.54830708005832
-2.78103185275347,-5.60925189500458
-1.63606425190377,-4.75467029523074
-0.816722677795286,-4.50951067558986
-0.955459449361352,-4.26951832519703
-2.13441577478536,-3.57580231536781
-3.57679865804762,-2.66141302225292
-4.26933509450456,-2.24866872662707
-3.65023425379573,-3.07738018667661
-2.35697367728332,-5.04215714123004
-1.20080790532221,-7.26839211541291
-0.359317172613842,-8.58849467177081
0.636386080203178,-8.49390451424092
2.18256886532461,-6.79929647098566
4.55028080125787,-3.76984684999531
7.70061647735996,-0.326581223575983
11.0441952159558,2.61141265803244
13.3557516081451,4.75788118829914
13.4795598627929,6.64343860282341
11.2904646901217,8.45217508466148
7.80575203538106,9.52420386173366
3.96964523123956,8.58349856226243
0.147943947944008,5.8128474077371
-3.02581115672822,2.88554377463824
-4.51609702336702,1.19336211145362
-4.31284910556984,0.711767254156101
-3.81301329893349,0.799341072850656
-4.76524257590171,1.22986390296432
-7.27378172892928,1.48334771118725
-9.64502820069339,0.678652686940337
-9.83245686662594,-1.76539208218385
-7.24592104911658,-5.30181154916289
-2.84698446308742,-7.75884522337565
1.6131427387335,-7.32079518453748
4.70146004582734,-3.90492597139002
5.49745258259649,0.764673897199317
4.24299651190731,5.1351933794358
2.40192661174808,8.03989707233597
1.85856364057299,8.40125755653481
2.76002815196923,5.99615586778804
3.65108233923255,2.49635573102077
2.95285995063445,0.337483649597446
0.341289608076044,-0.0373946019756737
-3.48516997824988,-0.0622910219784396
-7.39402333601979,-1.24780365305629
-10.0878633945313,-3.96695950647877
-10.8565351937537,-7.45660848332853
-9.78241999727484,-10.5065388637251
-7.19824583593748,-11.8909988995565
-3.83708195215434,-11.2695630828253
-0.879988104947745,-8.89319875812759
0.705475909781766,-5.0092559786674
1.28486284857634,-0.476663056284828
1.53913902022215,3.09797641478387
1.57549929527373,4.92630127504621
1.19337437992886,5.80672158579339
0.680305009259142,6.33944509458178
0.148558946974071,5.97177387942955
-0.589747931165161,4.36398934691224
-1.45891314642201,2.1409817291317
-1.7697132283255,0.272937428672866
-1.05342885780021,-0.849808153607389
0.114358607229745,-1.06247119648085
0.481620122003787,0.0737048157783653
-0.451949118133692,2.64427380667515
-1.65020964011443,5.50691247118209
-1.86821163955046,6.6778489735252
-1.10880545459181,5.26718942440908
-0.59548703941798,2.30778977604671
-1.29098555669497,-0.617886741391207
-2.82980011748073,-2.65118368714031
-4.06267604723656,-4.00048631964836
-4.6260236196916,-5.15455441873865
-5.20852313911661,-5.91925024434104
-5.98140639077628,-5.95438047251273
-6.09769228499498,-5.6522278416843
-5.39741646291918,-6.00479775360858
-4.87769352030657,-6.83281991629402
-4.92668990872324,-7.17504481334865
-4.80918815999324,-7.10314120429875
-3.63979424749042,-7.54784418887103
-0.858166680788996,-8.33014251110493
3.67324044444373,-8.08510463915586
8.76828342170663,-5.71963747818986
11.929121413586,-1.26623262938134
11.537787974915,4.37104184565367
8.54086124131787,9.22806667129538
4.95639782318293,11.2261909869801
2.15366576265756,9.85044295214158
0.343090230445071,6.36007121961531
-0.48699247785386,2.70771956758863
-0.635529099995522,0.476951891239151
-0.432046075079329,0.504308273684841
-0.0526665368995792,2.09686979309779
0.126670206854524,3.33961683406923
-0.134100923388978,2.95312142600487
-0.941582332736065,1.4687632131484
-1.90310959345146,0.171241949971069
-2.24710685914932,-0.105809365799982
-1.71002713695977,0.167339872595111
-0.634625352956029,0.280645023663014
0.587487248285023,0.198862831267047
2.15904337824331,0.325701818723951
3.94171682293934,0.855578264023597
4.72154724167879,1.38271386801294
3.75584394895736,1.81907133830248
1.47852990520945,2.01643984076509
-1.31557834969557,1.82747027565523
-4.22187439354606,1.18185575884768
-6.67651698848343,-0.323027491156369
-8.09453220928691,-2.953948220941
-8.347852169856,-5.92724123454403
-7.4102263530016,-7.62881256174508
-4.88195062086827,-7.48796375830096
-0.824150891204689,-6.51103613929977
3.16532647510763,-5.19669288593975
4.96187689977266,-2.88441922884037
3.89243817307726,0.774642903179895
1.05421729540398,4.33439051277746
-1.95947240023063,5.61478179588989
-4.06429458168958,4.07943504271111
-4.88806277615402,1.00038636995977
-4.39278321666292,-1.9683179506587
